ID,commonName,lat,lon,TerminalName,Installed,Locked,InstallDate,RemovalDate,Temporary,NbBikes,NbEmptyDocks,NbDocks
195,"Milroy Walk, South Bank",51.507244,-0.106237,959,TRUE,FALSE,1.28E+12,,FALSE,5,25,30
194,"Hop Exchange, The Borough",51.504627,-0.091773,960,TRUE,FALSE,1.28E+12,,FALSE,18,38,56
196,"Union Street, The Borough",51.503688,-0.098497,961,TRUE,FALSE,1.28E+12,,FALSE,10,7,17
197,"Stamford Street, South Bank",51.505569,-0.111606,962,TRUE,FALSE,1.28E+12,,FALSE,21,6,27
193,"Bankside Mix, Bankside",51.505817,-0.100186,963,TRUE,FALSE,1.28E+12,,FALSE,46,14,60
119,"Bath Street, St. Luke's",51.525893,-0.090847,964,TRUE,FALSE,1.28E+12,,FALSE,14,3,18
148,"Tachbrook Street, Victoria",51.492111,-0.138364,965,TRUE,FALSE,,,FALSE,12,4,16
156,"New Kent Road, The Borough",51.494436,-0.092921,966,TRUE,FALSE,1.28E+12,,FALSE,16,17,33
54,"Golden Lane, Barbican",51.521747,-0.094475,967,TRUE,FALSE,1.28E+12,,FALSE,8,19,27
316,"Warwick Row, Westminster",51.497998,-0.14296,968,TRUE,FALSE,1.28E+12,1.54E+12,FALSE,19,1,21
13,"Scala Street, Fitzrovia",51.519914,-0.136039,970,TRUE,FALSE,1.28E+12,,FALSE,1,20,21
48,"Godliman Street, St. Paul's",51.512484,-0.099141,971,TRUE,FALSE,1.28E+12,,FALSE,4,21,25
98,"Hampstead Road, Euston",51.525542,-0.138231,972,TRUE,FALSE,1.28E+12,,FALSE,6,46,53
132,"Bethnal Green Road, Shoreditch",51.523648,-0.074754,973,TRUE,FALSE,1.28E+12,,FALSE,28,9,38
57,"Guilford Street , Bloomsbury",51.523346,-0.120202,974,TRUE,FALSE,1.28E+12,,FALSE,32,0,32
68,"Theobald's Road , Holborn",51.520596,-0.116688,975,TRUE,FALSE,1.28E+12,,FALSE,16,5,21
76,"Longford Street, The Regent's Park",51.525595,-0.144083,976,TRUE,FALSE,1.28E+12,,FALSE,13,8,21
77,"Russell Square Station, Bloomsbury",51.523418,-0.124121,978,TRUE,FALSE,1.28E+12,,FALSE,19,6,26
42,"Wenlock Road , Hoxton",51.530991,-0.093903,979,TRUE,FALSE,1.28E+12,,FALSE,16,10,28
12,"Malet Street, Bloomsbury",51.52168,-0.130431,980,TRUE,FALSE,1.28E+12,,FALSE,9,40,49
24,"British Museum, Bloomsbury",51.51908,-0.124678,981,TRUE,FALSE,1.28E+12,,FALSE,19,16,35
66,"Holborn Circus, Holborn",51.51795,-0.108657,982,TRUE,FALSE,1.28E+12,,FALSE,9,31,40
69,"Euston Road, Euston",51.526236,-0.134407,983,TRUE,FALSE,1.28E+12,,FALSE,8,16,24
55,"Finsbury Circus, Liverpool Street",51.517075,-0.086685,984,TRUE,FALSE,1.28E+12,,FALSE,21,12,33
67,"Hatton Garden, Holborn",51.518825,-0.108028,985,TRUE,FALSE,1.28E+12,,FALSE,16,12,28
51,"Finsbury Library , Finsbury",51.526717,-0.104298,986,TRUE,FALSE,1.28E+12,,FALSE,8,21,29
15,"Great Russell Street, Bloomsbury",51.517727,-0.127854,988,TRUE,FALSE,1.28E+12,,FALSE,5,20,26
63,"Murray Grove , Hoxton",51.53089,-0.089782,989,TRUE,FALSE,1.28E+12,,FALSE,18,7,27
62,"Cotton Garden Estate, Kennington",51.490757,-0.106323,990,TRUE,FALSE,1.28E+12,,FALSE,17,7,24
104,"Crosswall, Tower",51.511594,-0.077121,991,TRUE,FALSE,1.28E+12,,FALSE,12,22,34
123,"St. John Street, Finsbury",51.52836,-0.104724,992,TRUE,FALSE,1.28E+12,,FALSE,0,18,18
20,"Drummond Street , Euston",51.527326,-0.136052,993,TRUE,FALSE,1.54E+12,,FALSE,6,22,28
85,"Tanner Street, Bermondsey",51.500647,-0.0786,994,TRUE,FALSE,1.28E+12,,FALSE,38,2,41
116,"Little Argyll Street, West End",51.514499,-0.141423,995,TRUE,FALSE,1.28E+12,,FALSE,10,11,21
125,"Borough High Street, The Borough",51.500694,-0.094524,996,TRUE,FALSE,1.28E+12,,FALSE,9,12,21
175,"Worship Street, Shoreditch",51.521668,-0.079608,997,TRUE,FALSE,1.53E+12,,FALSE,8,42,51
117,"Lollard Street, Vauxhall",51.49288,-0.114934,998,TRUE,FALSE,1.28E+12,,FALSE,10,13,25
101,"Queen Street 1, Bank",51.511553,-0.09294,999,TRUE,FALSE,1.28E+12,,FALSE,16,3,22
74,"Vauxhall Cross, Vauxhall",51.485917,-0.124469,1000,TRUE,FALSE,1.28E+12,,FALSE,13,2,17
142,"West Cromwell Road, Earl's Court",51.493724,-0.198286,1001,TRUE,FALSE,1.28E+12,,FALSE,12,12,24
150,"Holy Trinity Brompton, Knightsbridge",51.497056,-0.168917,1002,TRUE,FALSE,1.28E+12,,FALSE,18,10,28
141,"Chapel Place, Marylebone",51.515308,-0.147203,1003,TRUE,FALSE,1.28E+12,,FALSE,10,18,29
25,"Doric Way , Somers Town",51.528833,-0.13225,1004,TRUE,FALSE,1.28E+12,,FALSE,8,42,50
131,"Eversholt Street , Camden Town",51.533005,-0.136792,1005,TRUE,FALSE,1.28E+12,,FALSE,7,9,16
88,"Bayley Street , Bloomsbury",51.518587,-0.132053,1006,TRUE,FALSE,1.28E+12,,FALSE,5,20,25
18,"Drury Lane, Covent Garden",51.51477,-0.122219,1007,TRUE,FALSE,1.28E+12,,FALSE,1,26,27
17,"Hatton Wall, Holborn",51.521661,-0.109006,1008,TRUE,FALSE,1.28E+12,,FALSE,5,21,26
19,"Taviton Street, Bloomsbury",51.52505,-0.131161,1009,TRUE,FALSE,1.28E+12,,FALSE,11,19,30
16,"Cartwright Gardens , Bloomsbury",51.526357,-0.125979,1010,TRUE,FALSE,1.28E+12,,FALSE,11,11,22
14,"Belgrove Street , King's Cross",51.529943,-0.123616,1011,TRUE,FALSE,1.28E+12,,FALSE,0,48,48
3,"Christopher Street, Liverpool Street",51.521283,-0.084605,1012,TRUE,FALSE,1.28E+12,,FALSE,5,26,32
4,"St. Chad's Street, King's Cross",51.530059,-0.120973,1013,TRUE,FALSE,1.28E+12,,FALSE,2,21,23
9,"New Globe Walk, Bankside",51.507385,-0.09644,1015,TRUE,FALSE,1.28E+12,,FALSE,8,11,19
29,"Hereford Road, Bayswater",51.513735,-0.193487,1016,TRUE,FALSE,1.28E+12,,FALSE,10,12,22
61,"Great Dover Street, The Borough",51.497382,-0.089446,1017,TRUE,FALSE,1.28E+12,,FALSE,12,21,33
2,"Phillimore Gardens, Kensington",51.499606,-0.197574,1018,TRUE,FALSE,1.28E+12,,FALSE,37,0,37
26,"Ampton Street , Clerkenwell",51.52728,-0.118295,1019,TRUE,FALSE,1.28E+12,,FALSE,6,15,21
32,"Leonard Circus , Shoreditch",51.524696,-0.084439,1020,TRUE,FALSE,1.28E+12,,FALSE,13,30,43
27,"Bouverie Street, Temple",51.513821,-0.107927,1021,TRUE,FALSE,1.28E+12,,FALSE,5,28,33
11,"Brunswick Square, Bloomsbury",51.523951,-0.122502,1022,TRUE,FALSE,1.28E+12,,FALSE,4,20,24
1,"River Street , Clerkenwell",51.529163,-0.10997,1023,TRUE,FALSE,1.28E+12,,FALSE,2,17,19
10,"Park Street, Bankside",51.505974,-0.092754,1024,TRUE,FALSE,1.28E+12,,FALSE,16,2,18
28,"Bolsover Street, Fitzrovia",51.523518,-0.143613,1025,TRUE,FALSE,1.28E+12,,FALSE,2,16,19
52,"Roscoe Street, St. Luke's",51.522954,-0.094934,1026,TRUE,FALSE,1.28E+12,,FALSE,6,12,18
47,"Warwick Avenue Station, Maida Vale",51.523344,-0.183846,1027,TRUE,FALSE,1.28E+12,,FALSE,14,4,19
64,"William IV Street, Strand",51.509462,-0.124749,1028,TRUE,FALSE,1.28E+12,,FALSE,14,12,26
30,"Windsor Terrace, Hoxton",51.529154,-0.093421,1029,TRUE,FALSE,1.28E+12,,FALSE,7,13,24
60,"Lisson Grove, St. John's Wood",51.526448,-0.17219,1030,TRUE,FALSE,1.28E+12,,FALSE,4,12,18
46,"Nesham Street, Wapping",51.507131,-0.06691,1031,TRUE,FALSE,1.28E+12,,FALSE,8,8,16
58,"New Inn Yard, Shoreditch",51.524526,-0.079248,1032,TRUE,FALSE,1.28E+12,,FALSE,15,5,20
56,"Paddington Street, Marylebone",51.520583,-0.154701,1033,TRUE,FALSE,1.28E+12,,FALSE,1,14,16
44,"Bruton Street, Mayfair",51.510736,-0.144165,1034,TRUE,FALSE,1.28E+12,,FALSE,19,2,21
45,"Boston Place, Marylebone",51.522511,-0.162298,1035,TRUE,FALSE,1.28E+12,,FALSE,2,24,26
43,"Crawford Street, Marylebone",51.52026,-0.157183,1036,TRUE,FALSE,1.28E+12,,FALSE,2,16,18
111,"Park Lane , Hyde Park",51.510017,-0.157275,1037,TRUE,FALSE,1.28E+12,,FALSE,22,6,28
90,"Harrington Square 1, Camden Town",51.533019,-0.139174,1038,TRUE,FALSE,1.28E+12,,FALSE,1,25,27
134,"Wapping High Street, Wapping",51.504904,-0.06797,1039,TRUE,FALSE,1.28E+12,,FALSE,8,12,20
203,"West Smithfield Rotunda, Farringdon",51.518218,-0.100791,1040,TRUE,FALSE,1.28E+12,,FALSE,6,9,15
105,"Westbourne Grove, Bayswater",51.515529,-0.19024,1041,TRUE,FALSE,1.28E+12,,FALSE,22,4,26
106,"Woodstock Street, Mayfair",51.514105,-0.147301,1042,TRUE,FALSE,1.28E+12,,FALSE,9,12,21
126,"Museum of London, Barbican",51.517821,-0.096496,1043,TRUE,FALSE,1.28E+12,,FALSE,6,46,52
120,"The Guildhall, Guildhall",51.515735,-0.09308,1044,TRUE,FALSE,1.28E+12,,FALSE,11,6,17
102,"Jewry Street, Aldgate",51.513406,-0.076793,1045,TRUE,FALSE,1.28E+12,,FALSE,5,12,17
146,"Vauxhall Bridge , Pimlico",51.488365,-0.129361,1046,TRUE,FALSE,1.28E+12,,FALSE,5,30,35
96,"Falkirk Street, Hoxton",51.53095,-0.078505,1047,TRUE,FALSE,1.28E+12,,FALSE,13,12,26
136,"Queen Victoria Street, St. Paul's",51.511961,-0.097441,1048,TRUE,FALSE,1.28E+12,,FALSE,14,17,31
107,"Finsbury Leisure Centre, St. Luke's",51.526008,-0.096317,1049,TRUE,FALSE,1.28E+12,,FALSE,3,17,20
114,"Park Road (Baker Street), The Regent's Park",51.524517,-0.158963,1050,TRUE,FALSE,1.28E+12,,FALSE,13,7,22
253,"Shoreditch Park, Hoxton",51.534042,-0.086379,1051,TRUE,FALSE,1.28E+12,,FALSE,21,9,30
109,"Soho Square , Soho",51.515631,-0.132328,1052,TRUE,FALSE,1.28E+12,,FALSE,11,45,57
135,"Clerkenwell Green, Clerkenwell",51.52326,-0.104708,1053,TRUE,FALSE,1.28E+12,,FALSE,13,8,21
50,"East Road, Hoxton",51.528673,-0.087459,1054,TRUE,FALSE,1.28E+12,,FALSE,6,19,27
110,"Wellington Road, St. John's Wood",51.533043,-0.172528,1055,TRUE,FALSE,1.28E+12,,FALSE,14,3,17
140,"Finsbury Square , Moorgate",51.520962,-0.085634,1056,TRUE,FALSE,1.28E+12,,FALSE,3,30,33
170,"Hardwick Street, Clerkenwell",51.527842,-0.108068,1057,TRUE,FALSE,1.28E+12,,FALSE,8,22,30
410,"Edgware Road Station, Marylebone",51.519968,-0.169774,1058,TRUE,FALSE,,,FALSE,5,58,64
100,"Albert Embankment, Vauxhall",51.490435,-0.122806,1059,TRUE,FALSE,1.28E+12,,FALSE,8,16,24
75,"Torrens Street, Angel",51.532199,-0.10548,1060,TRUE,FALSE,1.28E+12,,FALSE,10,9,19
112,"Stonecutter Street, Holborn",51.515809,-0.10527,1061,TRUE,FALSE,1.28E+12,,FALSE,7,14,21
115,"Braham Street, Aldgate",51.514233,-0.073537,1062,TRUE,FALSE,1.28E+12,,FALSE,26,8,34
127,"Wood Street, Guildhall",51.517008,-0.093885,1063,TRUE,FALSE,1.28E+12,,FALSE,9,8,17
73,"Old Street Station, St. Luke's",51.525726,-0.088486,1064,TRUE,FALSE,1.28E+12,,FALSE,4,33,37
95,"Aldersgate Street, Barbican",51.520841,-0.09734,1065,TRUE,FALSE,1.28E+12,,FALSE,4,10,15
70,"Calshot Street , King's Cross",51.53136,-0.117069,1066,TRUE,FALSE,1.28E+12,,FALSE,14,10,24
228,"St. James's Square, St. James's",51.507424,-0.134621,1067,TRUE,FALSE,1.28E+12,,FALSE,16,23,40
122,"Norton Folgate, Liverpool Street",51.521113,-0.078869,1068,TRUE,FALSE,1.28E+12,,FALSE,9,13,23
124,"Eaton Square, Belgravia",51.496544,-0.150905,1069,TRUE,FALSE,1.28E+12,,FALSE,11,9,20
94,"Bricklayers Arms, Borough",51.495061,-0.085814,1070,TRUE,FALSE,1.28E+12,,FALSE,17,11,28
130,"Tower Gardens , Tower",51.509506,-0.075459,1071,TRUE,FALSE,1.28E+12,,FALSE,23,1,24
154,"Waterloo Station 3, Waterloo",51.503791,-0.112824,1072,TRUE,FALSE,,,FALSE,0,34,35
149,"Kennington Road Post Office, Oval",51.484788,-0.110683,1073,TRUE,FALSE,1.28E+12,,FALSE,12,6,18
71,"Newgate Street , St. Paul's",51.515418,-0.09885,1074,TRUE,FALSE,1.28E+12,,FALSE,21,11,34
191,"Hyde Park Corner, Hyde Park",51.503117,-0.15352,1075,TRUE,FALSE,1.28E+12,,FALSE,29,5,36
91,"Walnut Tree Walk, Vauxhall",51.493686,-0.111014,1076,TRUE,FALSE,1.28E+12,,FALSE,9,11,20
282,"Royal London Hospital, Whitechapel",51.518675,-0.06111,1077,TRUE,FALSE,1.28E+12,,FALSE,35,7,42
139,"Lambeth Road, Vauxhall",51.494881,-0.117974,1078,TRUE,FALSE,1.28E+12,,FALSE,9,8,18
214,"Endsleigh Gardens, Euston",51.526838,-0.130504,1079,TRUE,FALSE,1.28E+12,,FALSE,8,24,32
199,"Great Tower Street, Monument",51.510484,-0.082989,1080,TRUE,FALSE,1.28E+12,,FALSE,14,10,24
234,"Liverpool Road (N1 Centre), Angel",51.534504,-0.106992,1081,TRUE,FALSE,1.28E+12,,FALSE,6,18,24
92,"Borough Road, Elephant & Castle",51.498898,-0.10044,1082,TRUE,FALSE,1.28E+12,,FALSE,23,18,41
40,"Commercial Street, Shoreditch",51.52127,-0.075578,1083,TRUE,FALSE,1.28E+12,,FALSE,4,11,16
41,"Pindar Street, Liverpool Street",51.520955,-0.083493,1084,TRUE,FALSE,1.28E+12,,FALSE,10,13,24
99,"Old Quebec Street, Marylebone",51.514577,-0.158264,1085,TRUE,FALSE,1.28E+12,,FALSE,4,12,16
121,"Baker Street, Marylebone",51.518913,-0.156166,1086,TRUE,FALSE,1.28E+12,,FALSE,8,14,22
268,"Belgrave Road, Victoria",51.493204,-0.144132,1087,TRUE,FALSE,1.28E+12,,FALSE,23,5,29
248,"Triangle Car Park, Hyde Park",51.506451,-0.170279,1088,TRUE,FALSE,1.28E+12,,FALSE,17,8,27
231,"Queen's Gate (Central), South Kensington",51.493967,-0.178732,1089,TRUE,FALSE,1.28E+12,,FALSE,13,18,31
239,"Warren Street Station, Euston",51.524438,-0.138019,1090,TRUE,FALSE,1.28E+12,,FALSE,22,4,26
247,"St. John's Wood Church, The Regent's Park",51.530529,-0.167515,1091,TRUE,FALSE,1.28E+12,,FALSE,40,9,50
215,"Moorfields, Moorgate",51.519069,-0.088285,1092,TRUE,FALSE,1.28E+12,,FALSE,18,36,54
144,"Kennington Cross, Kennington",51.48894,-0.111435,1093,TRUE,FALSE,1.28E+12,,FALSE,28,18,47
157,"Wright's Lane, Kensington",51.500397,-0.193068,1094,TRUE,FALSE,1.28E+12,,FALSE,28,8,37
262,"LSBU (Borough Road), Elephant & Castle",51.498744,-0.103132,1095,TRUE,FALSE,1.28E+12,,FALSE,13,22,35
153,"Bayswater Road, Hyde Park",51.511933,-0.174411,1096,TRUE,FALSE,1.28E+12,,FALSE,2,25,27
354,"Northumberland Avenue, Strand",51.506767,-0.123702,1097,TRUE,FALSE,,,FALSE,25,11,37
276,"Lower Thames Street, Monument",51.509301,-0.084985,1098,TRUE,FALSE,1.28E+12,,FALSE,3,21,24
238,"Frampton Street, Paddington",51.523353,-0.175116,1099,TRUE,FALSE,1.28E+12,,FALSE,16,16,32
174,"Strand, Strand",51.512529,-0.115163,1100,TRUE,FALSE,1.28E+12,,FALSE,11,25,36
222,"Knightsbridge, Hyde Park",51.502757,-0.155349,1101,TRUE,FALSE,1.28E+12,,FALSE,10,30,43
202,"Leman Street, Aldgate",51.512363,-0.069542,1102,TRUE,FALSE,1.28E+12,,FALSE,13,24,37
243,"Gloucester Street, Pimlico",51.490962,-0.139625,1103,TRUE,FALSE,1.28E+12,,FALSE,11,12,25
189,"Claremont Square, Angel",51.531666,-0.109914,1104,TRUE,FALSE,1.28E+12,,FALSE,0,18,18
190,"Rampayne Street, Pimlico",51.489975,-0.132845,1106,TRUE,FALSE,1.28E+12,,FALSE,8,12,21
405,"Gloucester Road Station, South Kensington",51.494185,-0.18267,1107,TRUE,FALSE,1.30E+12,,FALSE,9,5,15
279,"North Wharf Road, Paddington",51.518622,-0.176645,1108,TRUE,FALSE,1.28E+12,,FALSE,7,18,25
213,"Wellington Arch, Hyde Park",51.50274,-0.149569,1109,TRUE,FALSE,1.28E+12,,FALSE,16,20,36
404,"Palace Gate, Kensington Gardens",51.502042,-0.1844,1110,TRUE,FALSE,1.30E+12,,FALSE,8,5,13
252,"Jubilee Gardens, South Bank",51.504636,-0.116542,1111,TRUE,FALSE,1.28E+12,,FALSE,16,14,30
188,"Nutford Place, Marylebone",51.516517,-0.164393,1112,TRUE,FALSE,1.28E+12,,FALSE,4,11,15
158,"Trebovir Road, Earl's Court",51.490853,-0.19617,1113,TRUE,FALSE,1.28E+12,,FALSE,2,16,18
143,"Pont Street, Knightsbridge",51.496886,-0.161203,1114,TRUE,FALSE,1.28E+12,,FALSE,14,9,24
145,"Ilchester Place, Kensington",51.500743,-0.202759,1115,TRUE,FALSE,1.28E+12,,FALSE,12,12,24
128,"Emperor's Gate, South Kensington",51.495362,-0.185296,1116,TRUE,FALSE,1.28E+12,,FALSE,14,8,22
284,"Lambeth North Station, Waterloo",51.49914,-0.112031,1117,TRUE,FALSE,1.28E+12,,FALSE,17,2,20
152,"Hampton Street, Walworth",51.49217,-0.101536,1118,TRUE,FALSE,1.28E+12,,FALSE,1,19,21
151,"Chepstow Villas, Notting Hill",51.512136,-0.201554,1120,TRUE,FALSE,1.28E+12,,FALSE,8,18,26
155,"Lexham Gardens, Kensington",51.495866,-0.191933,1121,TRUE,FALSE,1.28E+12,,FALSE,7,12,19
177,"Ashley Place, Victoria",51.49616,-0.140947,1122,TRUE,FALSE,1.28E+12,,FALSE,10,15,25
162,"Southampton Place, Holborn",51.517606,-0.121328,1123,TRUE,FALSE,1.28E+12,,FALSE,12,8,20
172,"Sumner Place, South Kensington",51.491211,-0.173715,1124,TRUE,FALSE,1.28E+12,,FALSE,8,10,19
159,"Great Marlborough Street, Soho",51.514619,-0.137841,1125,TRUE,FALSE,1.28E+12,,FALSE,11,28,39
180,"North Audley Street, Mayfair",51.512911,-0.153645,1126,TRUE,FALSE,1.28E+12,,FALSE,5,12,17
339,"Risinghill Street, Angel",51.533319,-0.111781,1127,TRUE,FALSE,1.28E+12,,FALSE,1,23,25
327,"New North Road 1, Hoxton",51.53095,-0.085603,1128,TRUE,FALSE,1.28E+12,,FALSE,12,9,22
312,"Grove End Road, St. John's Wood",51.530889,-0.17677,1130,TRUE,FALSE,1.28E+12,,FALSE,12,7,20
326,"Graham Street, Angel",51.532661,-0.099981,1131,TRUE,FALSE,1.28E+12,,FALSE,21,4,26
303,"Albert Gate, Hyde Park",51.502953,-0.158456,1132,TRUE,FALSE,1.28E+12,,FALSE,29,1,34
272,"Baylis Road, Waterloo",51.501444,-0.110699,1133,TRUE,FALSE,1.28E+12,,FALSE,16,5,22
274,"Warwick Road, Olympia",51.496712,-0.205284,1134,TRUE,FALSE,1.28E+12,,FALSE,5,31,36
291,"Claverton Street, Pimlico",51.484839,-0.138089,1135,TRUE,FALSE,1.28E+12,,FALSE,9,23,32
271,"London Zoo,  The Regent's Park",51.535836,-0.156285,1136,TRUE,FALSE,1.28E+12,,FALSE,29,2,31
249,"Harper Road, The Borough",51.498597,-0.096191,1137,TRUE,FALSE,1.28E+12,,FALSE,28,14,42
288,"Elizabeth Bridge, Victoria",51.492369,-0.147478,1138,TRUE,FALSE,1.28E+12,,FALSE,30,4,34
232,"Carey Street, Holborn",51.51501,-0.112753,1139,TRUE,FALSE,1.28E+12,,FALSE,8,8,16
245,"Grosvenor Road, Pimlico",51.485357,-0.142207,1140,TRUE,FALSE,1.28E+12,,FALSE,10,19,29
283,"Kingsway, Covent Garden",51.514409,-0.118478,1141,TRUE,FALSE,1.28E+12,,FALSE,7,9,16
278,"Tooley Street, Bermondsey",51.503493,-0.07962,1142,TRUE,FALSE,1.28E+12,,FALSE,17,9,27
277,"Kensington Church Street, Kensington",51.503157,-0.191496,1143,TRUE,FALSE,1.28E+12,,FALSE,8,8,17
230,"Poured Lines, Bankside",51.506692,-0.103137,1144,TRUE,FALSE,1.28E+12,,FALSE,23,8,31
244,"Earnshaw Street , Covent Garden",51.516118,-0.128585,1145,TRUE,FALSE,1.28E+12,,FALSE,13,5,18
264,"Tysoe Street, Clerkenwell",51.526443,-0.109256,1146,TRUE,FALSE,1.28E+12,,FALSE,4,16,20
255,"Clifton Road, Maida Vale",51.525575,-0.179592,1147,TRUE,FALSE,1.28E+12,,FALSE,17,5,22
320,"Queen Mother Sports Centre, Victoria",51.493573,-0.139956,1148,TRUE,FALSE,1.28E+12,,FALSE,11,14,26
224,"Queensway, Kensington Gardens",51.51031,-0.187402,1150,TRUE,FALSE,1.28E+12,,FALSE,1,16,17
229,"Whitehall Place, Strand",51.506543,-0.123179,1151,TRUE,FALSE,1.28E+12,,FALSE,34,8,46
301,"Marylebone Lane, Marylebone",51.514759,-0.148105,1152,TRUE,FALSE,1.28E+12,,FALSE,12,12,24
233,"Pall Mall East, West End",51.50777,-0.130699,1153,TRUE,FALSE,1.28E+12,,FALSE,11,11,22
235,"Kennington Road  , Vauxhall",51.495718,-0.110889,1154,TRUE,FALSE,1.28E+12,,FALSE,29,7,36
267,"Regency Street, Westminster",51.49206,-0.132224,1155,TRUE,FALSE,1.28E+12,,FALSE,0,21,22
287,"Bedford Way, Bloomsbury",51.523673,-0.128377,1156,TRUE,FALSE,1.28E+12,,FALSE,3,19,23
307,"Black Lion Gate, Kensington Gardens",51.509908,-0.187842,1157,TRUE,FALSE,1.28E+12,,FALSE,9,13,24
325,"St. Martin's Street, West End",51.509087,-0.129697,1158,TRUE,FALSE,1.28E+12,,FALSE,5,12,18
246,"Berry Street, Clerkenwell",51.522853,-0.099994,1159,TRUE,FALSE,1.28E+12,,FALSE,16,25,41
341,"Craven Street, Strand",51.508103,-0.126021,1160,TRUE,FALSE,1.28E+12,,FALSE,4,18,23
251,"Brushfield Street, Liverpool Street",51.518908,-0.079249,1161,TRUE,FALSE,1.28E+12,,FALSE,10,23,34
201,"Dorset Square, Marylebone",51.522596,-0.161113,1162,TRUE,FALSE,1.28E+12,,FALSE,9,6,16
192,"Wardour Street, Soho",51.512515,-0.133201,1163,TRUE,FALSE,1.28E+12,,FALSE,8,8,16
184,"Portland Place, Marylebone",51.520715,-0.145211,1164,TRUE,FALSE,1.28E+12,,FALSE,4,30,34
183,"Riverlight North, Nine Elms",51.482362,-0.136123,1165,TRUE,FALSE,1.28E+12,,FALSE,8,16,24
182,"Bell Street , Marylebone",51.522029,-0.165842,1166,TRUE,FALSE,1.28E+12,,FALSE,9,8,18
186,"South Wharf Road, Paddington",51.517335,-0.17581,1167,TRUE,FALSE,1.28E+12,,FALSE,6,10,16
207,"Grosvenor Crescent, Belgravia",51.501352,-0.153194,1169,TRUE,FALSE,1.28E+12,,FALSE,12,6,18
221,"Horseferry Road, Westminster",51.494816,-0.130458,1170,TRUE,FALSE,1.28E+12,,FALSE,13,3,16
206,"New Road 1 , Whitechapel",51.518154,-0.062697,1171,TRUE,FALSE,1.28E+12,,FALSE,26,9,36
187,"Queen's Gate (South), South Kensington",51.492479,-0.178433,1172,TRUE,FALSE,1.28E+12,,FALSE,12,13,25
176,"Gloucester Terrace, Bayswater",51.517919,-0.188098,1173,TRUE,FALSE,1.28E+12,,FALSE,4,19,23
185,"Alderney Street, Pimlico",51.488057,-0.140741,1174,TRUE,FALSE,1.28E+12,,FALSE,5,8,14
208,"Mallory Street, Marylebone",51.525051,-0.166304,1175,TRUE,FALSE,1.28E+12,,FALSE,13,7,20
173,"Waterloo Road, South Bank",51.50486,-0.113001,1176,TRUE,FALSE,1.28E+12,,FALSE,15,0,15
166,"Seville Street, Knightsbridge",51.501855,-0.159237,1177,TRUE,FALSE,1.28E+12,,FALSE,19,8,27
164,"Cleveland Gardens, Bayswater",51.515607,-0.183118,1178,TRUE,FALSE,1.28E+12,,FALSE,13,3,16
220,"Chelsea Green, Chelsea",51.490664,-0.166485,1179,TRUE,FALSE,1.28E+12,,FALSE,11,16,27
259,"Bourne Street, Belgravia",51.490959,-0.153233,1180,TRUE,FALSE,1.28E+12,,FALSE,9,6,16
225,"Notting Hill Gate Station, Notting Hill",51.509353,-0.196422,1182,TRUE,FALSE,1.28E+12,,FALSE,22,8,30
219,"Bramham Gardens, Earl's Court",51.490163,-0.190393,1183,TRUE,FALSE,1.28E+12,,FALSE,11,17,29
263,"St. Mary Axe, Aldgate",51.514225,-0.08066,1184,TRUE,FALSE,1.28E+12,,FALSE,20,0,21
273,"Belvedere Road 1, South Bank",51.506133,-0.114686,1186,TRUE,FALSE,1.28E+12,,FALSE,34,3,38
286,"St. John's Wood Road, St. John's Wood",51.527294,-0.174653,1187,TRUE,FALSE,1.28E+12,,FALSE,23,11,35
343,"London Zoo Car Park, The Regent's Park",51.536922,-0.150181,1188,TRUE,FALSE,1.28E+12,,FALSE,27,9,36
308,"Long Lane , Bermondsey",51.499075,-0.085666,1189,TRUE,FALSE,1.28E+12,,FALSE,18,2,20
270,"Kennington Lane Rail Bridge, Vauxhall",51.486343,-0.122492,1190,TRUE,FALSE,1.28E+12,,FALSE,24,6,31
275,"Barbican Centre, Barbican",51.520044,-0.092176,1191,TRUE,FALSE,1.28E+12,,FALSE,6,13,19
309,"Embankment (Savoy), Strand",51.509631,-0.119047,1192,TRUE,FALSE,1.28E+12,,FALSE,33,8,41
258,"Kensington Gore, Knightsbridge",51.501432,-0.178656,1193,TRUE,FALSE,1.28E+12,,FALSE,3,20,23
257,"Westminster University, Marylebone",51.522481,-0.154907,1194,TRUE,FALSE,1.28E+12,,FALSE,8,8,16
294,"St. George's Square, Pimlico",51.488226,-0.135635,1195,TRUE,FALSE,1.28E+12,,FALSE,3,12,16
299,"Vincent Square, Westminster",51.493985,-0.136928,1196,TRUE,FALSE,1.28E+12,,FALSE,7,12,19
318,"Sackville Street, Mayfair",51.510048,-0.138846,1197,TRUE,FALSE,1.28E+12,,FALSE,8,10,18
315,"The Tennis Courts, The Regent's Park",51.525367,-0.153463,1199,TRUE,FALSE,1.28E+12,,FALSE,13,3,16
324,"Ontario Street, Elephant & Castle",51.49652,-0.101384,1200,TRUE,FALSE,1.28E+12,,FALSE,7,8,15
340,"Bank of England Museum, Bank",51.514441,-0.087587,1201,TRUE,FALSE,1.28E+12,,FALSE,11,4,16
338,"Wellington Street , Strand",51.511756,-0.119643,1202,TRUE,FALSE,1.28E+12,,FALSE,10,13,24
330,"Eastbourne Mews, Paddington",51.516417,-0.179135,1203,TRUE,FALSE,1.28E+12,,FALSE,15,19,34
266,"Queen's Gate (North), Kensington",51.501026,-0.180246,1204,TRUE,FALSE,1.28E+12,,FALSE,2,38,41
310,"Black Prince Road, Vauxhall",51.490867,-0.116911,1205,TRUE,FALSE,1.28E+12,,FALSE,12,7,19
292,"Montpelier Street, Knightsbridge",51.498884,-0.165471,1206,TRUE,FALSE,1.28E+12,,FALSE,8,8,16
335,"Tavistock Street, Covent Garden",51.511968,-0.120718,1207,TRUE,FALSE,1.28E+12,,FALSE,17,16,33
317,"Dickens Square, Borough",51.496791,-0.093913,1208,TRUE,FALSE,1.28E+12,,FALSE,7,24,32
269,"Empire Square, The Borough",51.500823,-0.08974,1209,TRUE,FALSE,1.28E+12,,FALSE,35,11,46
332,"Nevern Place, Earl's Court",51.493343,-0.194757,1210,TRUE,FALSE,1.28E+12,,FALSE,11,9,20
331,"Bunhill Row, Moorgate",51.520858,-0.089887,1211,TRUE,FALSE,1.28E+12,,FALSE,5,25,30
336,"Concert Hall Approach 2, South Bank",51.504942,-0.115533,1212,TRUE,FALSE,1.28E+12,,FALSE,18,0,18
298,"Curlew Street, Shad Thames",51.502279,-0.074189,1213,TRUE,FALSE,1.28E+12,,FALSE,14,7,21
293,"Kensington Olympia Station, Olympia",51.498157,-0.209494,1214,TRUE,FALSE,1.28E+12,,FALSE,13,12,25
295,"Swan Street, The Borough",51.500296,-0.092762,1216,TRUE,FALSE,1.28E+12,,FALSE,11,16,27
300,"Serpentine Car Park, Hyde Park",51.505014,-0.17306,1217,TRUE,FALSE,1.28E+12,,FALSE,0,16,18
345,"Flood Street, Chelsea",51.488023,-0.166878,1218,TRUE,FALSE,1.28E+12,,FALSE,30,2,33
347,"Lower Marsh, Waterloo",51.500139,-0.113936,1219,TRUE,FALSE,1.28E+12,,FALSE,16,0,17
392,"Imperial College, Knightsbridge",51.499428,-0.179702,1220,TRUE,FALSE,1.30E+12,,FALSE,15,5,21
349,"St. George Street, Mayfair",51.51196,-0.142783,1221,TRUE,FALSE,1.28E+12,,FALSE,11,7,18
344,"Goswell Road (City Uni), Finsbury",51.528246,-0.101026,1222,TRUE,FALSE,1.28E+12,,FALSE,11,6,17
390,"Buxton Street 1, Shoreditch",51.521776,-0.068856,1223,TRUE,FALSE,1.30E+12,,FALSE,3,38,41
352,"Vauxhall Street, Vauxhall",51.486965,-0.116625,1224,TRUE,FALSE,1.29E+12,,FALSE,7,11,19
400,"George Street, Marylebone",51.517703,-0.154106,1225,TRUE,FALSE,1.30E+12,,FALSE,4,22,26
351,"Macclesfield Rd, St Lukes",51.529423,-0.097122,1226,TRUE,FALSE,1.29E+12,,FALSE,2,25,28
397,"Devonshire Terrace, Bayswater",51.51348,-0.17977,1227,TRUE,FALSE,1.30E+12,,FALSE,3,13,16
388,"Southampton Street, Strand",51.510701,-0.121723,1228,TRUE,FALSE,1.30E+12,,FALSE,5,8,14
358,"High Holborn , Covent Garden",51.516226,-0.124826,1229,TRUE,FALSE,1.29E+12,,FALSE,6,14,20
366,"Millennium Hotel, Mayfair",51.510919,-0.151126,1230,TRUE,FALSE,1.29E+12,,FALSE,2,25,27
350,"Queen's Gate, Kensington Gardens",51.501715,-0.179854,1231,TRUE,FALSE,1.29E+12,,FALSE,9,11,21
165,"Orsett Terrace, Bayswater",51.517932,-0.183716,2585,TRUE,FALSE,1.28E+12,,FALSE,10,4,15
93,"Cloudesley Road, Angel",51.534408,-0.109025,2586,TRUE,FALSE,1.28E+12,,FALSE,15,22,37
217,"Wormwood Street, Liverpool Street",51.516154,-0.082422,2587,TRUE,FALSE,1.28E+12,,FALSE,16,0,16
337,"Pembridge Villas, Notting Hill",51.511084,-0.197524,2589,TRUE,FALSE,1.28E+12,,FALSE,10,5,16
333,"Palace Gardens Terrace, Notting Hill",51.508605,-0.193764,2633,TRUE,FALSE,1.28E+12,,FALSE,23,12,37
334,"Concert Hall Approach 1, South Bank",51.505044,-0.115851,2635,TRUE,FALSE,1.28E+12,,FALSE,7,1,10
329,"Prince Albert Road, The Regent's Park",51.535892,-0.160854,2636,TRUE,FALSE,1.28E+12,,FALSE,9,15,24
321,"Bermondsey Street, Bermondsey",51.497855,-0.081608,2637,TRUE,FALSE,1.28E+12,,FALSE,13,10,24
371,"King Edward Walk, Waterloo",51.49775,-0.10988,2639,TRUE,FALSE,1.29E+12,,FALSE,12,10,22
328,"New North Road 2, Hoxton",51.53114,-0.086016,2641,TRUE,FALSE,1.28E+12,,FALSE,2,19,22
377,"Waterloo Bridge, South Bank",51.505354,-0.113656,2648,TRUE,FALSE,1.30E+12,,FALSE,15,0,15
372,"Sardinia Street, Holborn",51.515208,-0.117863,2649,TRUE,FALSE,1.29E+12,,FALSE,14,10,24
383,"Frith Street, Soho",51.513103,-0.131213,2660,TRUE,FALSE,1.30E+12,,FALSE,16,2,18
359,"Butler Place, Westminster",51.497829,-0.13544,2662,TRUE,FALSE,1.29E+12,,FALSE,16,2,18
363,"Lord's, St. John's Wood",51.529121,-0.171185,2665,TRUE,FALSE,1.29E+12,,FALSE,12,12,24
360,"Howick Place, Westminster",51.496753,-0.138733,2666,TRUE,FALSE,1.29E+12,,FALSE,24,3,27
841,"Tower Wharf, Bermondsey",51.500845,-0.074704,2667,TRUE,FALSE,,,FALSE,14,6,20
381,"Charlotte Street, Fitzrovia",51.51953,-0.135777,2669,TRUE,FALSE,1.30E+12,,FALSE,2,11,14
370,"Paddington Green, Paddington",51.520205,-0.174593,2670,TRUE,FALSE,1.29E+12,,FALSE,10,10,20
378,"Natural History Museum, South Kensington",51.495592,-0.179077,2677,TRUE,FALSE,1.30E+12,,FALSE,33,9,42
382,"Farm Street, Mayfair",51.509351,-0.147449,2678,TRUE,FALSE,1.30E+12,,FALSE,10,5,15
840,"George Row, Bermondsey",51.498585,-0.068981,2679,TRUE,FALSE,1.60E+12,,FALSE,8,13,22
367,"Harrowby Street, Marylebone",51.517372,-0.164207,2680,TRUE,FALSE,,,FALSE,1,14,16
368,"Harriet Street, Knightsbridge",51.500241,-0.15934,2681,TRUE,FALSE,1.29E+12,,FALSE,25,0,25
379,"Turquoise Island, Notting Hill",51.514311,-0.200838,2682,TRUE,FALSE,1.30E+12,,FALSE,17,4,21
376,"Millbank Tower, Pimlico",51.491884,-0.125674,2683,TRUE,FALSE,1.29E+12,,FALSE,20,3,24
356,"South Kensington Station, South Kensington",51.494412,-0.173881,2685,TRUE,FALSE,1.29E+12,,FALSE,3,12,15
362,"Royal College Street, Camden Town",51.536264,-0.133952,2686,TRUE,FALSE,1.29E+12,,FALSE,22,34,57
399,"Brick Lane Market, Shoreditch",51.522617,-0.071653,2687,TRUE,FALSE,1.30E+12,,FALSE,8,15,24
391,"Clifford Street, Mayfair",51.510662,-0.142345,2688,TRUE,FALSE,1.30E+12,1.54E+12,FALSE,6,11,17
365,"City Road, Angel",51.530344,-0.100168,2690,TRUE,FALSE,1.29E+12,,FALSE,7,39,47
357,"Howland Street, Fitzrovia",51.520994,-0.139016,2691,TRUE,FALSE,1.29E+12,,FALSE,8,22,30
361,"Waterloo Station 2, Waterloo",51.503919,-0.113426,2692,TRUE,FALSE,1.29E+12,,FALSE,15,40,55
396,"Shouldham Street, Marylebone",51.51809,-0.163609,2693,TRUE,FALSE,1.30E+12,,FALSE,5,11,16
355,"Clapham Common Station, Clapham Common",51.461388,-0.139221,2694,TRUE,FALSE,1.29E+12,,FALSE,16,5,21
395,"Cadogan Gardens, Chelsea",51.492462,-0.159919,2695,TRUE,FALSE,1.30E+12,,FALSE,14,1,15
374,"Waterloo Station 1, Waterloo",51.504027,-0.113864,2696,TRUE,FALSE,1.29E+12,,FALSE,18,17,36
394,"Aberdeen Place, St. John's Wood",51.524826,-0.176268,2698,TRUE,FALSE,,,FALSE,4,14,18
393,"Snow Hill, Farringdon",51.517334,-0.103604,2699,TRUE,FALSE,1.30E+12,,FALSE,8,7,15
401,"Columbia Road, Shoreditch",51.528187,-0.075375,2701,TRUE,FALSE,1.30E+12,,FALSE,21,3,24
387,"Fire Brigade Pier, Vauxhall",51.493699,-0.121394,2703,TRUE,FALSE,1.30E+12,,FALSE,8,21,30
5,"Sedding Street, Sloane Square",51.49313,-0.156876,3420,TRUE,FALSE,1.28E+12,,FALSE,12,15,27
23,"Red Lion Square, Holborn",51.519435,-0.119123,3421,TRUE,FALSE,1.28E+12,,FALSE,3,13,16
7,"Charlbert Street, St. John's Wood",51.5343,-0.168074,3422,TRUE,FALSE,1.28E+12,,FALSE,9,7,16
8,"Maida Vale, Maida Vale",51.529857,-0.183486,3423,TRUE,FALSE,1.54E+12,,FALSE,21,15,39
6,"Broadcasting House, Marylebone",51.518117,-0.144228,3424,TRUE,FALSE,1.28E+12,,FALSE,7,11,18
22,"Northington Street , Holborn",51.522264,-0.114079,3425,TRUE,FALSE,1.28E+12,,FALSE,6,13,19
31,"Fanshaw Street, Hoxton",51.529537,-0.083353,3427,TRUE,FALSE,1.28E+12,,FALSE,10,25,36
34,"Pancras Road, King's Cross",51.534123,-0.129386,3428,TRUE,FALSE,1.28E+12,,FALSE,15,1,16
108,"Abbey Orchard Street, Westminster",51.498125,-0.132102,3429,TRUE,FALSE,1.28E+12,,FALSE,20,9,29
33,"Central House, Aldgate",51.515231,-0.07015,3430,TRUE,FALSE,1.28E+12,,FALSE,9,9,18
53,"Grafton Street, Mayfair",51.509992,-0.143495,3431,TRUE,FALSE,1.28E+12,,FALSE,3,15,18
72,"Farringdon Lane, Clerkenwell",51.52352,-0.10834,3432,TRUE,FALSE,1.28E+12,,FALSE,15,1,16
78,"Sadlers Sports Centre, Finsbury",51.524868,-0.099489,3433,TRUE,FALSE,1.28E+12,,FALSE,1,16,17
86,"Sancroft Street, Vauxhall",51.489479,-0.115156,3434,TRUE,FALSE,1.28E+12,,FALSE,13,11,24
113,"Gloucester Road (Central), South Kensington",51.496462,-0.183289,3435,TRUE,FALSE,1.28E+12,,FALSE,8,11,19
133,"Derry Street, Kensington",51.501364,-0.191462,3436,TRUE,FALSE,1.28E+12,,FALSE,14,1,18
49,"Curzon Street, Mayfair",51.507069,-0.145904,3437,TRUE,FALSE,1.28E+12,,FALSE,13,3,16
87,"Devonshire Square, Liverpool Street",51.516468,-0.079684,3438,TRUE,FALSE,1.28E+12,,FALSE,12,4,16
89,"Tavistock Place, Bloomsbury",51.52625,-0.123509,3439,TRUE,FALSE,1.28E+12,,FALSE,8,11,19
250,"Royal Avenue 1, Chelsea",51.489932,-0.162727,3440,TRUE,FALSE,1.28E+12,,FALSE,9,0,10
103,"Vicarage Gate, Kensington",51.504723,-0.192538,3441,TRUE,FALSE,1.28E+12,,FALSE,9,9,18
38,"Abingdon Villas, Kensington",51.497387,-0.197245,3442,TRUE,FALSE,1.28E+12,,FALSE,13,4,17
37,"Penywern Road, Earl's Court",51.491593,-0.192369,3444,TRUE,FALSE,1.28E+12,,FALSE,15,2,17
39,"Shoreditch High Street, Shoreditch",51.526377,-0.07813,3445,TRUE,FALSE,1.28E+12,,FALSE,17,21,41
36,"De Vere Gardens, Kensington",51.501737,-0.18498,3446,TRUE,FALSE,1.28E+12,,FALSE,4,23,28
97,"Gloucester Road (North), Kensington",51.497924,-0.183834,3447,TRUE,FALSE,1.28E+12,,FALSE,2,16,18
80,"Webber Street , Southwark",51.500693,-0.102091,3448,TRUE,FALSE,1.28E+12,,FALSE,23,21,45
84,"Breams Buildings, Holborn",51.515937,-0.111778,3449,TRUE,FALSE,1.28E+12,,FALSE,8,17,25
81,"Great Titchfield Street, Fitzrovia",51.520253,-0.141327,3450,TRUE,FALSE,1.28E+12,,FALSE,5,14,19
129,"Golden Square, Soho",51.511897,-0.137043,3451,TRUE,FALSE,1.28E+12,,FALSE,8,10,18
83,"Panton Street, West End",51.509639,-0.13151,3452,TRUE,FALSE,1.28E+12,,FALSE,7,14,21
82,"Chancery Lane, Holborn",51.514274,-0.111257,3453,TRUE,FALSE,1.28E+12,,FALSE,2,13,15
209,"Denyer Street, Knightsbridge",51.493583,-0.165101,3454,TRUE,FALSE,1.28E+12,,FALSE,15,15,30
79,"Arundel Street, Temple",51.511726,-0.113855,3455,TRUE,FALSE,1.51E+12,,FALSE,14,4,18
118,"Rochester Row, Westminster",51.495827,-0.135478,3457,TRUE,FALSE,1.28E+12,,FALSE,5,7,13
160,"Waterloo Place, St. James's",51.506633,-0.131773,3458,TRUE,FALSE,1.28E+12,,FALSE,5,14,20
171,"Collingham Gardens, Earl's Court",51.491615,-0.186753,3459,TRUE,FALSE,1.28E+12,,FALSE,12,1,14
178,"Warwick Square, Pimlico",51.489856,-0.141923,3460,TRUE,FALSE,1.28E+12,,FALSE,13,6,19
163,"Sloane Avenue, Knightsbridge",51.493184,-0.167894,3461,TRUE,FALSE,1.28E+12,,FALSE,12,13,27
280,"Royal Avenue 2, Chelsea",51.490083,-0.162418,3462,TRUE,FALSE,1.28E+12,,FALSE,7,3,10
168,"Argyll Road, Kensington",51.500401,-0.195455,3463,TRUE,FALSE,1.28E+12,,FALSE,12,6,19
138,"Green Street, Mayfair",51.512276,-0.157436,3464,TRUE,FALSE,1.28E+12,,FALSE,0,18,19
167,"Eccleston Place, Victoria",51.49395,-0.147624,3465,TRUE,FALSE,,,FALSE,11,7,19
237,"Dock Street, Wapping",51.509786,-0.068161,3467,TRUE,FALSE,1.28E+12,,FALSE,21,8,29
204,"Margery Street, Clerkenwell",51.526599,-0.112432,3468,TRUE,FALSE,1.28E+12,,FALSE,6,13,19
211,"Cadogan Place, Knightsbridge",51.494645,-0.158105,3469,TRUE,FALSE,1.28E+12,,FALSE,26,6,34
227,"Great Percy Street, Clerkenwell",51.528915,-0.11548,3470,TRUE,FALSE,1.28E+12,,FALSE,10,13,23
254,"Chadwell Street, Angel",51.530515,-0.106408,3471,TRUE,FALSE,1.28E+12,,FALSE,2,16,18
240,"Colombo Street, Southwark",51.505459,-0.105692,3472,TRUE,FALSE,1.28E+12,,FALSE,6,8,14
181,"Belgrave Square, Belgravia",51.499412,-0.152317,3473,TRUE,FALSE,1.28E+12,,FALSE,19,2,21
210,"Hinde Street, Marylebone",51.516814,-0.151926,3476,TRUE,FALSE,1.28E+12,,FALSE,7,14,21
169,"Porchester Place, Paddington",51.514746,-0.165164,3477,TRUE,FALSE,1.28E+12,,FALSE,5,11,18
161,"Guildhouse Street, Victoria",51.492345,-0.141334,3478,TRUE,FALSE,1.28E+12,,FALSE,13,3,16
216,"Old Brompton Road, South Kensington",51.490945,-0.18119,3479,TRUE,FALSE,1.28E+12,,FALSE,10,20,30
281,"Smith Square, Westminster",51.495805,-0.127575,3480,TRUE,FALSE,1.28E+12,,FALSE,18,0,18
223,"Rodney Road , Walworth",51.491484,-0.09022,3481,TRUE,FALSE,1.28E+12,,FALSE,16,8,24
242,"Beaumont Street, Marylebone",51.522008,-0.151359,3482,TRUE,FALSE,1.28E+12,,FALSE,16,7,23
236,"Fashion Street, Whitechapel",51.51838,-0.073438,3483,TRUE,FALSE,1.28E+12,,FALSE,9,20,30
256,"Houghton Street, Strand",51.51362,-0.116764,3484,TRUE,FALSE,1.28E+12,,FALSE,10,5,15
314,"Tyers Gate, Bermondsey",51.500889,-0.083159,3485,TRUE,FALSE,1.28E+12,,FALSE,29,6,36
218,"St. Luke's Church, Chelsea",51.489716,-0.170194,3486,TRUE,FALSE,1.28E+12,,FALSE,16,4,20
212,"Campden Hill Road, Notting Hill",51.506584,-0.199004,3487,TRUE,FALSE,1.28E+12,,FALSE,6,9,17
226,"Charles II Street, West End",51.508446,-0.131961,3488,TRUE,FALSE,1.28E+12,,FALSE,8,15,24
260,"Broadwick Street, Soho",51.513684,-0.13558,3489,TRUE,FALSE,1.28E+12,,FALSE,0,18,18
265,"Southwick Street, Paddington",51.515953,-0.169249,3490,TRUE,FALSE,1.28E+12,,FALSE,5,12,17
261,"Princes Square, Bayswater",51.513489,-0.191351,3491,TRUE,FALSE,1.28E+12,,FALSE,13,2,15
302,"Putney Pier, Wandsworth",51.466907,-0.216573,3492,TRUE,FALSE,1.28E+12,,FALSE,16,11,28
289,"South Audley Street, Mayfair",51.50923,-0.151296,3493,TRUE,FALSE,1.28E+12,,FALSE,7,8,15
311,"Foley Street, Fitzrovia",51.519181,-0.140485,3494,TRUE,FALSE,1.28E+12,,FALSE,1,23,24
313,"Wells Street, Fitzrovia",51.517344,-0.138072,3495,TRUE,FALSE,1.28E+12,,FALSE,11,27,38
290,"St Mary's Hospital, Paddington",51.518268,-0.171103,3496,TRUE,FALSE,1.28E+12,,FALSE,17,3,20
306,"Rathbone Street, Fitzrovia",51.518162,-0.135025,3497,TRUE,FALSE,1.28E+12,,FALSE,2,14,16
297,"Geraldine Street, Elephant & Castle",51.496127,-0.106,3498,TRUE,FALSE,1.28E+12,,FALSE,3,13,17
373,"Prince Consort Road, Knightsbridge",51.499806,-0.176415,3499,TRUE,FALSE,1.30E+12,,FALSE,0,18,18
319,"Baldwin Street, St. Luke's",51.527025,-0.088542,3500,TRUE,FALSE,1.28E+12,,FALSE,12,9,21
323,"Clifton Street, Shoreditch",51.523196,-0.083067,3501,TRUE,FALSE,1.28E+12,,FALSE,6,18,24
322,"Palissy Street, Shoreditch",51.526293,-0.073955,3502,TRUE,FALSE,1.28E+12,,FALSE,2,24,26
386,"Moor Street, Soho",51.513527,-0.13011,3504,TRUE,FALSE,1.30E+12,,FALSE,7,9,16
384,"Marloes Road, Kensington",51.496481,-0.192404,3505,TRUE,FALSE,1.30E+12,,FALSE,2,12,15
380,"Stanhope Gate, Mayfair",51.506864,-0.150666,3506,TRUE,FALSE,1.30E+12,,FALSE,4,17,21
364,"Store Street, Bloomsbury",51.519572,-0.13214,3507,TRUE,FALSE,1.29E+12,,FALSE,6,26,32
389,"Upper Grosvenor Street, Mayfair",51.51013,-0.155757,10621,TRUE,FALSE,1.30E+12,,FALSE,1,17,18
353,"Greycoat Street , Westminster",51.494591,-0.134234,10623,TRUE,FALSE,1.29E+12,,FALSE,12,5,17
409,"Strata, Elephant & Castle",51.493146,-0.099828,10624,TRUE,FALSE,,,FALSE,28,9,41
402,"Penfold Street, Marylebone",51.522892,-0.171681,10625,TRUE,FALSE,1.30E+12,,FALSE,3,12,15
348,"Grosvenor Square, Mayfair",51.51217,-0.150481,10627,TRUE,FALSE,1.28E+12,,FALSE,12,4,17
412,"Cleaver Street, Kennington",51.488105,-0.110121,10628,TRUE,FALSE,1.30E+12,,FALSE,4,13,17
411,"Rotherhithe Roundabout, Rotherhithe",51.499169,-0.055846,10629,TRUE,FALSE,,,FALSE,11,5,19
403,"George Place Mews, Marylebone",51.516892,-0.158249,10630,TRUE,FALSE,1.30E+12,,FALSE,5,11,16
398,"Holland Park, Kensington",51.502319,-0.200742,10631,TRUE,FALSE,1.30E+12,,FALSE,25,4,30
375,"Kensington Town Hall, Kensington",51.501945,-0.194392,10632,TRUE,FALSE,1.29E+12,,FALSE,6,12,18
432,"Exhibition Road Museums 1, South Kensington",51.496468,-0.173796,22158,TRUE,FALSE,1.32E+12,,FALSE,7,5,13
424,"Ebury Bridge, Pimlico",51.490491,-0.149186,22159,TRUE,FALSE,1.32E+12,,FALSE,19,10,29
419,"Chelsea Bridge, Pimlico",51.485821,-0.149004,22160,TRUE,FALSE,1.31E+12,,FALSE,4,10,15
426,"Vincent Street, Pimlico",51.493072,-0.129925,22161,TRUE,FALSE,1.31E+12,,FALSE,6,11,17
420,"Southwark Station 1, Southwark",51.504043,-0.105312,22162,TRUE,FALSE,1.31E+12,,FALSE,26,11,37
421,"Southwark Station 2, Southwark",51.504044,-0.104778,22163,TRUE,FALSE,1.31E+12,,FALSE,5,40,45
423,"Eaton Square (South), Belgravia",51.494561,-0.153933,22164,TRUE,FALSE,1.31E+12,,FALSE,17,13,31
448,"Fisherman's Walk West, Canary Wharf",51.50623,-0.02296,22165,TRUE,FALSE,1.33E+12,,FALSE,26,9,36
483,"Albert Gardens, Stepney",51.51328,-0.047784,22166,TRUE,FALSE,1.33E+12,,FALSE,16,15,33
473,"Millharbour, Millwall",51.496137,-0.019355,22167,TRUE,FALSE,1.33E+12,,FALSE,12,6,19
433,"Wren Street, Holborn",51.524564,-0.116279,22169,TRUE,FALSE,1.32E+12,,FALSE,7,26,33
435,"Kennington Station, Kennington",51.488852,-0.105593,22170,TRUE,FALSE,1.32E+12,,FALSE,10,12,23
436,"Red Lion Street, Holborn",51.51824,-0.11655,22171,TRUE,FALSE,1.32E+12,,FALSE,8,27,36
484,"Bromley High Street, Bow",51.528828,-0.013258,22172,TRUE,FALSE,1.33E+12,,FALSE,13,11,24
485,"Old Ford Road, Bethnal Green",51.531127,-0.048017,22173,TRUE,FALSE,1.33E+12,,FALSE,17,7,24
486,"Granby Street, Shoreditch",51.525645,-0.069543,22174,TRUE,FALSE,1.33E+12,,FALSE,17,20,37
487,"Canton Street, Poplar",51.511811,-0.025626,22175,TRUE,FALSE,1.33E+12,,FALSE,7,16,23
488,"Reardon Street, Wapping",51.506946,-0.058681,22176,TRUE,FALSE,1.33E+12,,FALSE,17,5,22
489,"Christian Street, Whitechapel",51.513074,-0.064094,22177,TRUE,FALSE,1.33E+12,,FALSE,10,23,34
469,"Lindfield Street, Poplar",51.513757,-0.020467,22178,TRUE,FALSE,1.33E+12,,FALSE,16,28,44
428,"Exhibition Road, Knightsbridge",51.499917,-0.174554,22179,TRUE,FALSE,1.32E+12,,FALSE,19,0,20
427,"Cheapside, Bank",51.51397,-0.09294,22180,TRUE,FALSE,1.31E+12,,FALSE,17,25,43
425,"Harrington Square 2, Camden Town",51.533379,-0.139159,22181,TRUE,FALSE,1.31E+12,,FALSE,10,28,38
430,"South Parade, Chelsea",51.48902,-0.17524,22182,TRUE,FALSE,1.32E+12,,FALSE,17,1,18
431,"Crinan Street, King's Cross",51.534474,-0.122203,22183,TRUE,FALSE,1.32E+12,,FALSE,3,17,20
573,"Limerston Street, West Chelsea",51.485587,-0.18119,200001,TRUE,FALSE,1.33E+12,,FALSE,17,1,18
450,"Jubilee Street, Stepney",51.515975,-0.053177,200002,TRUE,FALSE,1.33E+12,,FALSE,8,20,28
445,"Cheshire Street, Bethnal Green",51.52388,-0.065076,200003,TRUE,FALSE,1.33E+12,,FALSE,15,13,28
475,"Lightermans Road, Millwall",51.499041,-0.020157,200004,TRUE,FALSE,1.33E+12,,FALSE,17,13,31
581,"New Cavendish Street, Marylebone",51.519167,-0.147983,200005,TRUE,FALSE,1.33E+12,,FALSE,12,5,18
471,"Hewison Street, Old Ford",51.533283,-0.028155,200006,TRUE,FALSE,1.33E+12,,FALSE,9,9,19
627,"Holden Street, Battersea",51.46879,-0.15823,200007,TRUE,FALSE,1.38E+12,,FALSE,12,8,20
514,"Portman Square, Marylebone",51.516204,-0.155525,200008,TRUE,FALSE,1.33E+12,,FALSE,4,13,17
476,"Stebondale Street, Cubitt Town",51.489096,-0.009205,200009,TRUE,FALSE,1.33E+12,,FALSE,13,15,29
529,"Manresa Road, Chelsea",51.486892,-0.170983,200010,TRUE,FALSE,,,FALSE,16,2,18
499,"Furze Green, Bow",51.519265,-0.021345,200011,TRUE,FALSE,1.33E+12,,FALSE,12,23,36
478,"Stepney Green Station, Stepney",51.521889,-0.04667,200012,TRUE,FALSE,1.33E+12,,FALSE,2,18,21
461,"Aston Street, Stepney",51.516,-0.038775,200013,TRUE,FALSE,1.33E+12,,TRUE,12,14,26
459,"Gunmakers Lane, Old Ford",51.535179,-0.03338,200014,TRUE,FALSE,,,FALSE,7,9,17
560,"Ladbroke Grove Central, Ladbroke Grove",51.511624,-0.205921,200015,TRUE,FALSE,,,FALSE,16,4,21
457,"Castlehaven Road, Camden Town",51.542138,-0.145393,200016,TRUE,FALSE,1.33E+12,,FALSE,20,9,29
524,"Lancaster Gate , Bayswater",51.511654,-0.179668,200017,TRUE,FALSE,1.33E+12,,FALSE,6,32,38
477,"Spindrift Avenue, Millwall",51.49109,-0.018716,200018,TRUE,FALSE,1.33E+12,,FALSE,7,29,36
472,"Malmesbury Road, Bow",51.529452,-0.027616,200019,TRUE,FALSE,1.33E+12,,FALSE,9,11,21
449,"Shadwell Station, Shadwell",51.511088,-0.057159,200020,TRUE,FALSE,1.33E+12,,FALSE,6,29,35
451,"Hermitage Court, Wapping",51.504719,-0.063531,200021,TRUE,FALSE,1.33E+12,,FALSE,3,13,16
481,"Saunders Ness Road, Cubitt Town",51.487129,-0.009001,200022,TRUE,FALSE,1.33E+12,,FALSE,20,12,35
677,"Heath Road, Battersea",51.468669,-0.146544,200023,TRUE,FALSE,1.38E+12,,FALSE,14,13,27
536,"Queensbridge Road, Haggerston",51.53385,-0.06992,200024,TRUE,FALSE,,,FALSE,2,30,35
572,"Greenland Road, Camden Town",51.539099,-0.141728,200026,TRUE,FALSE,,,FALSE,33,3,36
517,"Ford Road, Old Ford",51.532513,-0.033085,200027,TRUE,FALSE,1.33E+12,,FALSE,7,10,17
617,"Elysium Place, Fulham",51.471079,-0.207842,200028,TRUE,FALSE,1.38E+12,,FALSE,8,13,21
615,"Finlay Street, Fulham",51.476885,-0.215895,200029,TRUE,FALSE,1.38E+12,,FALSE,21,2,24
521,"Driffield Road, Old Ford",51.534137,-0.037366,200030,TRUE,FALSE,,,FALSE,5,12,19
455,"East Ferry Road, Cubitt Town",51.49447,-0.014409,200031,TRUE,FALSE,1.33E+12,,FALSE,15,1,17
440,"Kennington Oval, Oval",51.483145,-0.113134,200032,TRUE,FALSE,1.33E+12,,FALSE,17,14,33
443,"Philpot Street, Whitechapel",51.515256,-0.058641,200033,TRUE,FALSE,1.33E+12,,FALSE,15,15,30
458,"Wapping Lane, Wapping",51.504749,-0.057544,200034,TRUE,FALSE,1.33E+12,,FALSE,23,3,28
442,"Walmer Road, Avondale",51.510101,-0.211358,200035,TRUE,FALSE,1.33E+12,,FALSE,7,17,24
506,"Bell Lane, Liverpool Street",51.517475,-0.075855,200036,TRUE,FALSE,1.33E+12,,FALSE,3,20,23
561,"Rectory Square, Stepney",51.518369,-0.043371,200037,TRUE,FALSE,1.33E+12,,FALSE,1,20,22
505,"Ackroyd Drive, Bow",51.520398,-0.026768,200038,TRUE,FALSE,1.33E+12,,FALSE,14,14,29
441,"Sail Street, Vauxhall",51.495656,-0.114605,200039,TRUE,FALSE,1.33E+12,,FALSE,18,4,24
656,"Broomhouse Lane, Parsons Green",51.468418,-0.199135,200040,TRUE,FALSE,1.38E+12,,FALSE,17,12,29
518,"Antill Road, Mile End",51.528224,-0.037471,200041,TRUE,FALSE,,,FALSE,9,15,30
446,"York Hall, Bethnal Green",51.528936,-0.055894,200042,TRUE,FALSE,1.33E+12,,FALSE,16,11,27
681,"Bishop's Avenue, Fulham",51.473036,-0.214749,200043,TRUE,FALSE,1.38E+12,,FALSE,41,3,46
546,"New Fetter Lane, Holborn",51.517428,-0.107987,200044,TRUE,FALSE,,,FALSE,17,4,21
453,"Garnet Street, Shadwell",51.508447,-0.055167,200045,TRUE,FALSE,1.33E+12,,FALSE,13,11,24
454,"Napier Avenue, Millwall",51.487679,-0.021582,200046,TRUE,FALSE,1.33E+12,,FALSE,12,6,20
444,"Bethnal Green Garden, Bethnal Green",51.52568,-0.055312,200047,TRUE,FALSE,1.33E+12,,FALSE,12,10,24
558,"Page Street, Westminster",51.493978,-0.127554,200048,TRUE,FALSE,1.40E+12,,FALSE,21,3,24
452,"St. Katharine's Way, Tower",51.505697,-0.070542,200049,TRUE,FALSE,1.33E+12,,FALSE,16,8,24
538,"Naval Row, Blackwall",51.508981,-0.00699,200050,TRUE,FALSE,,,FALSE,3,16,21
544,"Percival Street, Finsbury",51.526153,-0.102208,200051,TRUE,FALSE,,,FALSE,9,12,22
482,"Exhibition Road Museums 2, South Kensington",51.495947,-0.173689,200052,TRUE,FALSE,1.33E+12,,FALSE,5,8,14
439,"Killick Street, King's Cross",51.5338,-0.118677,200053,TRUE,FALSE,1.33E+12,,FALSE,10,12,22
447,"Jubilee Crescent, Cubitt Town",51.493381,-0.007542,200054,TRUE,FALSE,1.33E+12,,FALSE,27,27,54
437,"Vauxhall Walk, Vauxhall",51.488124,-0.120903,200056,TRUE,FALSE,1.33E+12,,FALSE,10,16,27
699,"Belford House, Haggerston",51.536654,-0.07023,200057,TRUE,FALSE,1.38E+12,,FALSE,7,31,39
593,"Northdown Street, King's Cross",51.531066,-0.11934,200058,TRUE,FALSE,,,FALSE,20,1,21
682,"Crisp Road, Hammersmith",51.488108,-0.226606,200059,TRUE,FALSE,1.38E+12,,FALSE,39,7,46
589,"Drayton Gardens, West Chelsea",51.487196,-0.179369,200060,TRUE,FALSE,,,FALSE,17,0,18
571,"Westfield Southern Terrace ,Shepherd's Bush",51.506256,-0.218337,200061,TRUE,FALSE,1.33E+12,,FALSE,25,4,29
628,"William Morris Way, Sands End",51.468819,-0.184318,200062,TRUE,FALSE,1.38E+12,,FALSE,10,16,26
704,"Mexfield Road, East Putney",51.45682,-0.202802,200063,TRUE,FALSE,1.38E+12,,FALSE,7,11,18
553,"Regent's Row , Haggerston",51.535678,-0.062546,200064,TRUE,FALSE,,,FALSE,7,17,24
543,"Lansdowne Walk, Ladbroke Grove",51.509591,-0.204666,200065,TRUE,FALSE,,,FALSE,13,8,21
551,"Import Dock, Canary Wharf",51.505772,-0.01646,200066,TRUE,FALSE,1.33E+12,,FALSE,11,28,39
611,"Princedale Road , Holland Park",51.506465,-0.208486,200067,TRUE,FALSE,1.38E+12,,FALSE,16,3,20
564,"Somerset House, Strand",51.509943,-0.117619,200068,TRUE,FALSE,,,FALSE,30,11,41
296,"Knaresborough Place, Earl's Court",51.493631,-0.190603,200069,TRUE,FALSE,1.38E+12,,FALSE,7,10,18
545,"Arlington Road, Camden Town",51.539957,-0.145246,200070,TRUE,FALSE,,,FALSE,15,8,24
588,"Hoxton Street, Hoxton",51.52959,-0.0801,200071,TRUE,FALSE,1.33E+12,,FALSE,12,15,27
779,"Houndsditch, Aldgate",51.514449,-0.077178,200072,TRUE,FALSE,1.44E+12,,FALSE,4,24,28
501,"Cephas Street, Bethnal Green",51.522561,-0.054883,200073,TRUE,FALSE,1.33E+12,,FALSE,7,17,24
562,"Bury Place, Holborn",51.51746,-0.12335,200074,TRUE,FALSE,1.33E+12,,FALSE,3,18,21
548,"Westminster Bridge Road, Elephant & Castle",51.498386,-0.107913,200076,TRUE,FALSE,,,FALSE,4,22,26
701,"Vicarage Crescent, Battersea",51.472876,-0.176267,200077,TRUE,FALSE,1.38E+12,,FALSE,19,10,30
554,"Aberfeldy Street, Poplar",51.513548,-0.005659,200078,TRUE,FALSE,,,FALSE,3,13,16
766,"Ram Street, Wandsworth",51.457529,-0.192165,200079,TRUE,FALSE,1.39E+12,,FALSE,14,11,25
515,"Russell Gardens, Olympia",51.500088,-0.211316,200080,TRUE,FALSE,,,FALSE,7,14,24
639,"Coomer Place, West Kensington",51.48357,-0.202038,200081,TRUE,FALSE,1.38E+12,,FALSE,16,10,27
464,"St. Mary & St. Michael Church, Stepney",51.51417,-0.052099,200082,TRUE,FALSE,1.33E+12,,FALSE,4,21,25
512,"Pritchard's Road, Bethnal Green",51.532091,-0.06142,200083,TRUE,FALSE,1.33E+12,,FALSE,18,12,30
580,"Doddington Grove, Kennington",51.486929,-0.102996,200084,TRUE,FALSE,1.39E+12,,FALSE,30,6,36
584,"Ilchester Gardens, Bayswater",51.51244,-0.19096,200086,TRUE,FALSE,,,FALSE,15,4,21
528,"Clarges Street, Mayfair",51.507326,-0.145827,200088,TRUE,FALSE,1.33E+12,,FALSE,5,11,16
516,"Chrisp Street Market, Poplar",51.5112,-0.014438,200089,TRUE,FALSE,1.33E+12,,FALSE,10,8,18
490,"Pennington Street, Wapping",51.508622,-0.065006,200090,TRUE,FALSE,,,FALSE,36,9,45
621,"Wandsworth Town Station, Wandsworth",51.460864,-0.187427,200091,TRUE,FALSE,1.38E+12,,FALSE,32,1,33
586,"Mudchute DLR, Cubitt Town",51.490645,-0.014582,200092,TRUE,FALSE,1.33E+12,,FALSE,20,11,31
463,"Thurtle Road, Haggerston",51.534776,-0.071881,200093,TRUE,FALSE,,,FALSE,10,10,22
703,"St. Bride Street, Holborn",51.515059,-0.105344,200094,TRUE,FALSE,1.38E+12,,FALSE,25,0,25
541,"Green Park Station, Mayfair",51.506613,-0.142844,200096,TRUE,FALSE,,,FALSE,27,1,28
686,"Beryl Road, Hammersmith",51.488144,-0.222456,200097,TRUE,FALSE,1.38E+12,,FALSE,7,19,26
616,"Aintree Street, Fulham",51.481021,-0.209973,200098,TRUE,FALSE,,,FALSE,8,15,24
570,"Upper Bank Street, Canary Wharf",51.503083,-0.017676,200099,TRUE,FALSE,1.33E+12,,FALSE,14,22,36
587,"Monument Street, Monument",51.50964,-0.08497,200101,TRUE,FALSE,1.33E+12,,FALSE,9,13,22
550,"Harford Street, Mile End",51.521564,-0.039264,200102,TRUE,FALSE,,,FALSE,15,8,23
462,"Bonny Street, Camden Town",51.541603,-0.138853,200105,TRUE,FALSE,1.33E+12,,FALSE,24,20,45
689,"Spanish Road, Clapham Junction",51.459225,-0.180884,200106,TRUE,FALSE,1.38E+12,,FALSE,14,16,30
592,"Bishop's Bridge Road East, Bayswater",51.5171,-0.18377,200108,TRUE,FALSE,,,FALSE,18,2,20
576,"Alpha Grove, Millwall",51.497304,-0.022793,200109,TRUE,FALSE,,,FALSE,17,4,22
568,"Bishop's Bridge Road West, Bayswater",51.51616,-0.18697,200110,TRUE,FALSE,,,FALSE,15,2,18
559,"Abbotsbury Road, Holland Park",51.501391,-0.205991,200111,TRUE,FALSE,,,FALSE,7,15,24
692,"Cadogan Close, Victoria Park",51.542118,-0.028941,200112,TRUE,FALSE,1.38E+12,,FALSE,14,4,22
665,"Smugglers Way, Wandsworth",51.461083,-0.191722,200113,TRUE,FALSE,1.38E+12,,FALSE,11,17,28
679,"Orbel Street, Battersea",51.474535,-0.17021,200114,TRUE,FALSE,1.38E+12,,FALSE,9,15,26
480,"Flamborough Street, Limehouse",51.512871,-0.038986,200115,TRUE,FALSE,1.33E+12,,FALSE,18,5,25
633,"Vereker Road, West Kensington",51.489591,-0.209378,200116,TRUE,FALSE,1.38E+12,,FALSE,22,9,32
456,"Parkway, Camden Town",51.538071,-0.144664,200118,TRUE,FALSE,1.33E+12,,FALSE,23,10,33
683,"Dorothy Road, Clapham Junction",51.465064,-0.16375,200119,TRUE,FALSE,1.38E+12,,FALSE,16,12,28
735,"Grant Road East, Clapham Junction",51.464894,-0.173029,200120,TRUE,FALSE,1.39E+12,,FALSE,17,10,28
698,"Shoreditch Court, Haggerston",51.539083,-0.070329,200121,TRUE,FALSE,1.38E+12,,FALSE,2,32,35
713,"Hawley Crescent, Camden Town",51.541007,-0.14326,200122,TRUE,FALSE,1.38E+12,,FALSE,11,11,22
460,"Burdett Road, Mile End",51.516196,-0.029138,200123,TRUE,FALSE,1.33E+12,,FALSE,23,10,33
663,"Clarendon Road, Avondale",51.51323,-0.211593,200124,TRUE,FALSE,1.38E+12,,FALSE,16,8,24
607,"Putney Bridge Station, Fulham",51.468814,-0.210279,200125,TRUE,FALSE,,,FALSE,15,5,21
675,"Usk Road, Clapham Junction",51.463489,-0.182126,200126,TRUE,FALSE,1.38E+12,,FALSE,14,15,30
547,"East India DLR, Blackwall",51.509474,-0.002275,200127,TRUE,FALSE,,,FALSE,31,19,51
579,"Queen Street 2, Bank",51.511246,-0.093051,200128,TRUE,FALSE,,,FALSE,14,19,36
697,"Charlotte Terrace, Angel",51.536392,-0.112721,200129,TRUE,FALSE,1.38E+12,,FALSE,16,9,25
507,"Clarkson Street, Bethnal Green",51.528692,-0.059091,200131,TRUE,FALSE,1.33E+12,,FALSE,17,14,31
549,"Gaywood  Street, Elephant & Castle",51.49605,-0.104193,200132,TRUE,FALSE,,,FALSE,38,7,45
600,"South Lambeth Road, Vauxhall",51.481747,-0.124642,200133,TRUE,FALSE,,,FALSE,13,8,21
540,"Albany Street, The Regent's Park",51.528302,-0.144466,200134,TRUE,FALSE,,,FALSE,7,19,27
565,"Selby Street, Whitechapel",51.521905,-0.063386,200135,TRUE,FALSE,,,FALSE,0,17,17
601,"BBC White City, White City",51.514767,-0.225787,200136,TRUE,FALSE,,,FALSE,18,16,36
603,"Caldwell Street, Stockwell",51.477839,-0.116493,200137,TRUE,FALSE,,,FALSE,16,28,44
556,"Heron Quays DLR, Canary Wharf",51.502661,-0.021596,200138,TRUE,FALSE,,,FALSE,4,23,27
566,"Westfield Ariel Way, White City",51.509158,-0.224103,200141,TRUE,FALSE,1.33E+12,,FALSE,26,16,42
595,"Hammersmith Road, Hammersmith",51.493267,-0.21985,200142,TRUE,FALSE,,,FALSE,8,14,22
526,"Lancaster Drive, Blackwall",51.503143,-0.008428,200143,TRUE,FALSE,,,FALSE,3,24,27
839,"Sea Containers, South Bank",51.508033,-0.106823,200144,TRUE,FALSE,1.54E+12,,FALSE,6,24,30
535,"Gloucester Avenue, Camden Town",51.537349,-0.147154,200145,TRUE,FALSE,,,FALSE,13,10,24
530,"Newby Place, Poplar",51.508896,-0.012413,200146,TRUE,FALSE,,,FALSE,7,9,18
542,"Salmon Lane, Limehouse",51.514115,-0.033828,200147,TRUE,FALSE,,,FALSE,26,7,33
500,"Ansell House, Stepney",51.520019,-0.05438,200148,TRUE,FALSE,1.33E+12,,FALSE,18,23,41
552,"Watney Street, Shadwell",51.511542,-0.056667,200149,TRUE,FALSE,,,FALSE,8,18,27
468,"Cantrell Road, Bow",51.521564,-0.022694,200150,TRUE,FALSE,1.33E+12,,FALSE,12,12,24
539,"Hoxton Station, Hoxton",51.531091,-0.075901,200151,TRUE,FALSE,,,FALSE,9,13,22
465,"Pitfield Street North,Hoxton",51.53558,-0.08249,200152,TRUE,FALSE,1.33E+12,,FALSE,5,21,28
527,"Hansard Mews, Holland Park",51.503802,-0.215808,200154,TRUE,FALSE,1.33E+12,,FALSE,10,9,20
474,"Gascoyne Road, Victoria Park",51.541515,-0.038557,200155,TRUE,FALSE,1.33E+12,,FALSE,13,7,20
479,"Pott Street, Bethnal Green",51.527152,-0.058005,200156,TRUE,FALSE,1.33E+12,,FALSE,3,17,20
508,"Fournier Street, Whitechapel",51.519362,-0.074431,200157,TRUE,FALSE,1.33E+12,,FALSE,3,15,18
466,"Whiston Road, Haggerston",51.534464,-0.076341,200158,TRUE,FALSE,1.33E+12,,FALSE,0,21,21
534,"Goldsmith's Row, Haggerston",51.531864,-0.066035,200159,TRUE,FALSE,,,FALSE,15,12,27
523,"Langdon Park, Poplar",51.51549,-0.013475,200160,TRUE,FALSE,,,FALSE,9,15,24
522,"Clinton Road, Mile End",51.525941,-0.036017,200161,TRUE,FALSE,,,FALSE,26,9,36
513,"Watney Market, Stepney",51.514222,-0.055656,200162,TRUE,FALSE,,,FALSE,6,44,51
532,"Jubilee Plaza, Canary Wharf",51.50357,-0.020068,200163,TRUE,FALSE,1.33E+12,,FALSE,36,27,63
533,"Wellington Row, Bethnal Green",51.528222,-0.069743,200165,TRUE,FALSE,,,FALSE,30,2,33
598,"Southerton Road, Hammersmith",51.494499,-0.228188,200166,TRUE,FALSE,1.50E+12,,FALSE,16,20,38
531,"Twig Folly Bridge, Mile End",51.530326,-0.042744,200167,TRUE,FALSE,1.33E+12,,FALSE,7,14,21
467,"Southern Grove, Bow",51.523538,-0.030556,200168,TRUE,FALSE,1.33E+12,,FALSE,9,8,17
670,"Ashley Crescent, Battersea",51.467185,-0.152248,200169,TRUE,FALSE,1.38E+12,,FALSE,18,9,28
678,"Esmond Street, Putney",51.462312,-0.211468,200170,TRUE,FALSE,1.38E+12,,FALSE,22,8,30
648,"Peterborough Road, Sands End",51.46904,-0.196274,200171,TRUE,FALSE,1.38E+12,,FALSE,17,12,30
622,"Lansdowne Road, Ladbroke Grove",51.507481,-0.205535,200172,TRUE,FALSE,1.38E+12,,FALSE,14,15,29
624,"Courland Grove, Wandsworth Road",51.472918,-0.132102,200173,TRUE,FALSE,1.38E+12,,FALSE,22,15,40
470,"Mostyn Grove, Bow",51.530535,-0.025492,200174,TRUE,FALSE,1.33E+12,,FALSE,6,40,46
612,"Wandsworth Rd, Isley Court, Wandsworth Road",51.469259,-0.141812,200175,TRUE,FALSE,1.38E+12,,FALSE,17,13,30
632,"Sheepcote Lane, Battersea",51.470538,-0.163041,200176,TRUE,FALSE,1.38E+12,,FALSE,21,7,28
767,"Santos Road, Wandsworth",51.457059,-0.200806,200177,TRUE,FALSE,1.39E+12,,FALSE,15,15,30
646,"Buckingham Gate, Westminster",51.498865,-0.137424,200178,TRUE,FALSE,1.38E+12,,FALSE,13,0,16
640,"Silverthorne Road, Battersea",51.472865,-0.148059,200179,TRUE,FALSE,1.38E+12,,FALSE,24,4,28
636,"South Park, Sands End",51.467064,-0.193502,200180,TRUE,FALSE,1.38E+12,,FALSE,16,12,28
647,"Richmond Way, Shepherd's Bush",51.500353,-0.217515,200181,TRUE,FALSE,1.38E+12,,FALSE,7,19,27
644,"Rainville Road, Hammersmith",51.483732,-0.223852,200182,TRUE,FALSE,1.38E+12,,FALSE,8,28,36
631,"Battersea Park Road, Nine Elms",51.479501,-0.14177,200183,TRUE,FALSE,1.38E+12,,FALSE,8,19,27
691,"Erin Close, Walham Green",51.479463,-0.195777,200184,TRUE,FALSE,1.38E+12,,FALSE,23,1,24
764,"St. John's Road, Clapham Junction",51.462392,-0.168292,200185,TRUE,FALSE,1.39E+12,,FALSE,33,0,33
623,"Nantes Close, Wandsworth",51.46193,-0.180791,200186,TRUE,FALSE,1.38E+12,,FALSE,18,4,22
629,"Morie Street, Wandsworth",51.459953,-0.190184,200187,TRUE,FALSE,1.38E+12,,FALSE,17,11,28
684,"Neville Gill Close, Wandsworth",51.454752,-0.195197,200188,TRUE,FALSE,1.38E+12,,FALSE,13,18,32
662,"Phene Street, Chelsea",51.484984,-0.167919,200189,TRUE,FALSE,1.38E+12,,FALSE,10,13,24
625,"Queen's Circus, Battersea Park",51.477619,-0.149551,200190,TRUE,FALSE,1.38E+12,,FALSE,27,1,28
637,"Spencer Park, Wandsworth Common",51.45787,-0.174691,200191,TRUE,FALSE,1.38E+12,,FALSE,21,4,25
642,"Fawcett Close, Battersea",51.469161,-0.174485,200192,TRUE,FALSE,1.38E+12,,FALSE,25,11,36
706,"Snowsfields, London Bridge",51.502153,-0.083632,200193,TRUE,FALSE,1.38E+12,,FALSE,16,15,31
630,"Clarence Walk, Stockwell",51.470732,-0.126994,200194,TRUE,FALSE,1.38E+12,,FALSE,16,12,28
604,"St Martins Close, Camden Town",51.538792,-0.138535,200195,TRUE,FALSE,,,FALSE,4,14,18
653,"Simpson Street, Clapham Junction",51.470847,-0.170703,200196,TRUE,FALSE,1.38E+12,,FALSE,4,20,25
707,"Barons Court Station, West Kensington",51.490217,-0.215087,200197,TRUE,FALSE,1.38E+12,,FALSE,10,21,32
605,"Seymour Place, Marylebone",51.520331,-0.163667,200198,TRUE,FALSE,,,FALSE,5,24,29
690,"Stanley Grove, Battersea",51.470475,-0.15213,200199,TRUE,FALSE,1.38E+12,,FALSE,16,8,24
645,"Great Suffolk Street, The Borough",51.501732,-0.100292,200200,TRUE,FALSE,1.38E+12,,FALSE,14,7,21
700,"Battersea Church Road, Battersea",51.476964,-0.174347,200201,TRUE,FALSE,1.38E+12,,FALSE,15,10,25
762,"Storey's Gate, Westminster",51.500703,-0.129698,200202,TRUE,FALSE,1.39E+12,,FALSE,10,9,21
557,"King Edward Street, St Pauls",51.51601,-0.0985,200203,TRUE,FALSE,,,FALSE,8,12,20
688,"Northfields, Wandsworth",51.460951,-0.200667,200204,TRUE,FALSE,1.38E+12,,FALSE,23,5,28
709,"Montserrat Road , Putney",51.463211,-0.21555,200205,TRUE,FALSE,1.38E+12,,FALSE,15,8,23
676,"Hartington Road, Stockwell",51.47787,-0.126874,200207,TRUE,FALSE,1.38E+12,,FALSE,27,8,35
609,"Sugden Road, Clapham",51.465123,-0.157788,200208,TRUE,FALSE,1.38E+12,,FALSE,13,6,19
667,"Shepherd's Bush Road North, Shepherd's Bush",51.501594,-0.222293,200209,TRUE,FALSE,1.38E+12,,FALSE,15,18,34
680,"Westbridge Road, Battersea",51.477684,-0.170329,200210,TRUE,FALSE,1.38E+12,,FALSE,25,3,28
602,"Union Grove, Wandsworth Road",51.472993,-0.133972,200211,TRUE,FALSE,,,FALSE,23,22,45
659,"Blackfriars Station, St. Paul's",51.511934,-0.103078,200212,TRUE,FALSE,1.38E+12,,FALSE,2,32,35
702,"Durant Street, Bethnal Green",51.528681,-0.06555,200213,TRUE,FALSE,1.38E+12,,FALSE,5,19,24
613,"Woodstock Grove, Shepherd's Bush",51.504038,-0.2174,200214,TRUE,FALSE,1.38E+12,,FALSE,13,10,24
635,"Greyhound Road, Hammersmith",51.486062,-0.214428,200215,TRUE,FALSE,1.38E+12,,FALSE,25,12,37
687,"Maclise Road, Olympia",51.497608,-0.211455,200216,TRUE,FALSE,1.38E+12,,FALSE,10,13,26
708,"Disraeli Road, Putney",51.46161,-0.216145,200217,TRUE,FALSE,1.38E+12,,FALSE,25,8,33
606,"Addison Road, Holland Park",51.504199,-0.210941,200218,TRUE,FALSE,,,FALSE,8,18,26
685,"Osiers Road, Wandsworth",51.46067,-0.198735,200219,TRUE,FALSE,1.38E+12,,FALSE,15,15,30
657,"Blythe Road West, Shepherd's Bush",51.49968,-0.221791,200220,TRUE,FALSE,1.38E+12,,FALSE,17,3,21
655,"Crabtree Lane, Fulham",51.482944,-0.219346,200221,TRUE,FALSE,1.38E+12,,FALSE,22,5,27
610,"Danvers Street, West Chelsea",51.482567,-0.172078,200222,TRUE,FALSE,1.38E+12,,FALSE,15,6,21
654,"Ashmole Estate, Oval",51.482678,-0.117661,200223,TRUE,FALSE,1.38E+12,,FALSE,18,16,34
608,"Colet Gardens, Hammersmith",51.491093,-0.216493,200224,TRUE,FALSE,,,FALSE,18,12,30
594,"Kingsway Southbound, Strand",51.513875,-0.117774,200226,TRUE,FALSE,1.33E+12,,FALSE,12,20,33
597,"Fulham Park Road, Fulham",51.473471,-0.20782,200229,TRUE,FALSE,,,FALSE,21,6,27
492,"Maplin Street, Mile End",51.525501,-0.032267,200230,TRUE,FALSE,1.33E+12,,FALSE,24,13,39
583,"Abingdon Green, Westminster",51.497622,-0.125978,200231,TRUE,FALSE,,,FALSE,10,8,20
563,"Preston's Road, Cubitt Town",51.499286,-0.009152,200232,TRUE,FALSE,,,FALSE,17,9,26
494,"South Quay East, Canary Wharf",51.50196,-0.016251,200233,TRUE,FALSE,1.33E+12,,FALSE,1,35,36
520,"Bancroft Road, Bethnal Green",51.526041,-0.047218,200234,TRUE,FALSE,,,FALSE,4,17,21
599,"Manbre Road, Hammersmith",51.485743,-0.223616,200235,TRUE,FALSE,,,FALSE,15,10,28
590,"Greenberry Street, St.John's Wood",51.53256,-0.16862,200236,TRUE,FALSE,,,FALSE,15,11,26
596,"Parson's Green , Parson's Green",51.472817,-0.199783,200237,TRUE,FALSE,,,FALSE,8,9,21
510,"Westferry DLR, Limehouse",51.509303,-0.025996,200238,TRUE,FALSE,,,FALSE,21,18,41
537,"Old Montague Street, Whitechapel",51.51793,-0.067937,200239,TRUE,FALSE,1.33E+12,,FALSE,5,13,18
832,"Ferndale Road, Brixton",51.464019,-0.115781,200240,TRUE,FALSE,1.52E+12,,FALSE,23,7,30
502,"Bonner Gate, Victoria Park",51.53341,-0.049591,200241,TRUE,FALSE,1.56E+12,,FALSE,13,6,21
497,"Merchant Street, Bow",51.526578,-0.027581,200242,TRUE,FALSE,1.33E+12,,FALSE,10,17,27
504,"St. John's Park, Cubitt Town",51.496454,-0.009506,200243,TRUE,FALSE,1.33E+12,,FALSE,6,24,30
578,"Hollybush Gardens, Bethnal Green",51.527607,-0.057133,200244,TRUE,FALSE,1.33E+12,,FALSE,22,9,32
574,"Eagle Wharf Road, Hoxton",51.53356,-0.09315,200246,TRUE,FALSE,1.33E+12,,FALSE,27,18,45
577,"Globe Town Market, Bethnal Green",51.528869,-0.047548,200247,TRUE,FALSE,,,FALSE,8,10,20
569,"Pitfield Street Central, Hoxton",51.53213,-0.08299,200248,TRUE,FALSE,,,FALSE,12,17,30
491,"Queen Mary's, Mile End",51.522507,-0.041378,200249,TRUE,FALSE,1.33E+12,,FALSE,16,27,45
503,"Cleveland Way, Stepney",51.520893,-0.051394,200250,TRUE,FALSE,1.33E+12,,FALSE,30,6,36
498,"Bow Road Station, Bow",51.527058,-0.025296,200251,TRUE,FALSE,1.33E+12,,FALSE,4,36,42
495,"Bow Church Station, Bow",51.528169,-0.018703,200252,TRUE,FALSE,1.33E+12,,FALSE,7,32,39
509,"Fore Street, Guildhall",51.517842,-0.090075,200253,TRUE,FALSE,1.33E+12,,FALSE,13,6,19
519,"Teviot Street, Poplar",51.518811,-0.011662,200254,TRUE,FALSE,,,FALSE,19,14,33
496,"Devons Road, Bow",51.52512,-0.015578,200255,TRUE,FALSE,1.33E+12,,FALSE,6,33,39
511,"Sutton Street, Shadwell",51.511066,-0.053558,200256,TRUE,FALSE,1.33E+12,,FALSE,18,14,33
769,"Sandilands Road, Walham Green",51.473611,-0.191803,300001,TRUE,FALSE,1.39E+12,,FALSE,10,11,21
634,"Brook Green South, Brook Green",51.494347,-0.215804,300002,TRUE,FALSE,1.38E+12,,FALSE,9,23,33
618,"Eel Brook Common, Walham Green",51.476259,-0.193254,300003,TRUE,FALSE,1.38E+12,,FALSE,20,4,24
658,"Ethelburga Estate, Battersea Park",51.477292,-0.164786,300005,TRUE,FALSE,1.38E+12,,FALSE,13,15,30
771,"Rifle Place, Avondale",51.509224,-0.216016,300007,TRUE,FALSE,1.39E+12,,FALSE,11,10,21
626,"Normand Park, West Kensington",51.484386,-0.204815,300008,TRUE,FALSE,1.38E+12,,FALSE,14,10,24
649,"World's End Place, West Chelsea",51.481805,-0.180274,300009,TRUE,FALSE,1.38E+12,,FALSE,21,1,22
620,"Surrey Lane, Battersea",51.47518,-0.16716,300010,TRUE,FALSE,1.38E+12,,FALSE,19,9,28
719,"Victoria Park Road, Hackney Central",51.536424,-0.054162,300011,TRUE,FALSE,1.38E+12,,FALSE,7,26,34
619,"Irene Road, Parsons Green",51.473763,-0.19701,300012,TRUE,FALSE,1.38E+12,,FALSE,33,8,43
664,"Austin Road, Battersea Park",51.474376,-0.155442,300013,TRUE,FALSE,1.38E+12,,FALSE,18,5,24
638,"Falcon Road, Clapham Junction",51.466633,-0.169821,300014,TRUE,FALSE,1.38E+12,,FALSE,14,13,28
772,"Binfield Road, Stockwell",51.472509,-0.122831,300015,TRUE,FALSE,1.40E+12,,FALSE,31,4,35
696,"Charing Cross Hospital, Hammersmith",51.487285,-0.217995,300018,TRUE,FALSE,1.38E+12,,FALSE,11,9,21
693,"Felsham Road, Putney",51.464786,-0.215618,300019,TRUE,FALSE,1.38E+12,,FALSE,8,10,18
660,"West Kensington Station, West Kensington",51.49087,-0.206029,300020,TRUE,FALSE,1.38E+12,,FALSE,13,9,22
789,"Podium, Queen Elizabeth Olympic Park",51.538718,-0.011889,300021,TRUE,FALSE,1.45E+12,,FALSE,34,2,40
652,"Evesham Street, Avondale",51.511486,-0.21819,300022,TRUE,FALSE,1.38E+12,,FALSE,14,15,29
661,"All Saints Church, Portobello",51.51632,-0.202608,300023,TRUE,FALSE,1.38E+12,,FALSE,29,7,37
717,"Dunston Road , Haggerston",51.536585,-0.075885,300024,TRUE,FALSE,1.38E+12,,FALSE,12,29,43
641,"Archbishop's Park, Waterloo",51.498241,-0.117495,300025,TRUE,FALSE,1.38E+12,,FALSE,9,13,23
643,"All Saints' Road, Portobello",51.519042,-0.204764,300026,TRUE,FALSE,1.38E+12,,FALSE,12,9,22
763,"Mile End Park Leisure Centre, Mile End",51.520597,-0.032566,300027,TRUE,FALSE,1.39E+12,,FALSE,25,20,47
711,"Everington Street, Fulham",51.483356,-0.216305,300028,TRUE,FALSE,1.38E+12,,FALSE,17,14,31
786,"Lee Valley VeloPark, Queen Elizabeth Olympic Park",51.549369,-0.015717,300029,TRUE,FALSE,1.45E+12,,FALSE,8,35,44
651,"Thorndike Close, West Chelsea",51.480898,-0.183853,300030,TRUE,FALSE,1.38E+12,,FALSE,14,11,25
695,"Islington Green, Angel",51.536384,-0.102757,300031,TRUE,FALSE,1.38E+12,,FALSE,13,8,21
781,"Victoria & Albert Museum, South Kensington",51.495898,-0.173009,300032,TRUE,FALSE,1.45E+12,,FALSE,23,7,30
694,"Putney Rail Station, Putney",51.460717,-0.216526,300033,TRUE,FALSE,1.38E+12,,FALSE,6,14,20
650,"St. Mark's Road, North Kensington",51.51687,-0.213872,300034,TRUE,FALSE,1.38E+12,,FALSE,16,5,21
674,"Carnegie Street, King's Cross",51.535467,-0.116191,300035,TRUE,FALSE,,,FALSE,4,36,40
669,"Teversham Lane, Stockwell",51.476149,-0.123258,300036,TRUE,FALSE,1.38E+12,,FALSE,27,11,39
668,"Ravenscourt Park Station, Hammersmith",51.494223,-0.236769,300037,TRUE,FALSE,1.38E+12,,FALSE,26,0,26
720,"Star Road, West Kensington",51.487244,-0.205279,300038,TRUE,FALSE,1.39E+12,,FALSE,18,3,23
721,"Wendon Street, Old Ford",51.536039,-0.026262,300039,TRUE,FALSE,1.39E+12,,FALSE,10,8,18
718,"Ada Street, Hackney Central",51.535716,-0.060291,300040,TRUE,FALSE,1.38E+12,,FALSE,17,28,45
722,"Finnis Street, Bethnal Green",51.524583,-0.058631,300041,TRUE,FALSE,1.39E+12,,FALSE,8,10,19
705,"Upper Richmond Road, Putney",51.459715,-0.212145,300042,TRUE,FALSE,1.38E+12,1.54E+12,TRUE,20,5,25
729,"St. Peter's Terrace, Fulham",51.478939,-0.208485,300043,TRUE,FALSE,1.39E+12,,FALSE,11,12,24
728,"Putney Bridge Road, East Putney",51.461999,-0.20624,300044,TRUE,FALSE,1.39E+12,,FALSE,21,8,29
710,"Albert Bridge Road, Battersea Park",51.474392,-0.163347,300045,TRUE,FALSE,1.38E+12,,FALSE,2,18,20
724,"Alma Road, Wandsworth",51.457991,-0.184806,300046,TRUE,FALSE,1.39E+12,,FALSE,5,23,28
726,"Alfreda Street, Battersea Park",51.47505,-0.150908,300047,TRUE,FALSE,1.39E+12,,FALSE,11,11,22
716,"Stainsby Road , Poplar",51.515427,-0.023565,300048,TRUE,FALSE,1.38E+12,,FALSE,12,11,24
715,"Aylward Street, Stepney",51.51563,-0.049067,300049,TRUE,FALSE,1.38E+12,,FALSE,15,6,22
725,"Walworth Square, Walworth",51.491327,-0.096518,300050,TRUE,FALSE,1.56E+12,,FALSE,17,7,24
673,"Hibbert Street, Battersea",51.46517,-0.180389,300051,TRUE,FALSE,1.38E+12,,FALSE,33,3,36
671,"Parsons Green Station, Parsons Green",51.475089,-0.201968,300052,TRUE,FALSE,1.38E+12,,FALSE,28,22,56
723,"Stephendale Road, Sands End",51.46822,-0.190346,300053,TRUE,FALSE,1.39E+12,,FALSE,38,10,48
727,"Chesilton Road, Fulham",51.475698,-0.205876,300054,TRUE,FALSE,1.39E+12,,FALSE,22,0,23
714,"Stewart's Road, Wandsworth Road",51.473116,-0.137235,300055,TRUE,FALSE,1.38E+12,,FALSE,5,23,28
712,"Mile End Stadium, Mile End",51.518541,-0.034903,300056,TRUE,FALSE,1.38E+12,,FALSE,1,20,22
758,"Westbourne Park Road, Portobello",51.51787,-0.201005,300057,TRUE,FALSE,1.39E+12,,FALSE,4,18,23
755,"The Vale, Chelsea",51.485121,-0.174971,300058,TRUE,FALSE,1.39E+12,,FALSE,22,1,24
765,"Ranelagh Gardens, Fulham",51.467601,-0.206827,300064,TRUE,FALSE,1.39E+12,,FALSE,24,14,39
768,"Clapham Common North Side, Clapham Common",51.461343,-0.159322,300065,TRUE,FALSE,1.39E+12,,FALSE,21,16,37
754,"Grenfell Road, Avondale",51.5129,-0.214762,300067,TRUE,FALSE,1.39E+12,,FALSE,12,11,24
761,"Humbolt Road, Fulham",51.483217,-0.21186,300068,TRUE,FALSE,1.39E+12,,FALSE,18,7,26
757,"Harcourt Terrace, West Brompton",51.487958,-0.187404,300069,TRUE,FALSE,1.39E+12,,FALSE,10,14,24
780,"Imperial Wharf Station, Sands End",51.474665,-0.183165,300070,TRUE,FALSE,1.44E+12,,FALSE,23,2,25
760,"Rossmore Road, Marylebone",51.525269,-0.163795,300071,TRUE,FALSE,1.39E+12,,FALSE,7,11,18
759,"Broadley Terrace, Marylebone",51.524561,-0.165668,300072,TRUE,FALSE,1.39E+12,,FALSE,3,15,18
756,"Prince of Wales Drive, Battersea Park",51.475153,-0.159169,300073,TRUE,FALSE,1.39E+12,,FALSE,8,13,21
751,"Newton Street, Covent Garden",51.516128,-0.120909,300074,TRUE,FALSE,1.39E+12,,FALSE,8,16,24
745,"Upcerne Road, West Chelsea",51.478169,-0.182435,300075,TRUE,FALSE,1.39E+12,,FALSE,20,9,29
746,"Lots Road, West Chelsea",51.479573,-0.179038,300076,TRUE,FALSE,1.39E+12,,FALSE,14,9,24
744,"Ingrave Street, Clapham Junction",51.467454,-0.172293,300077,TRUE,FALSE,1.39E+12,,FALSE,21,8,30
743,"Oxford Road, Putney",51.460792,-0.212607,300078,TRUE,FALSE,1.39E+12,,FALSE,16,13,29
750,"Culvert Road, Battersea",51.471095,-0.15785,300080,TRUE,FALSE,1.39E+12,,FALSE,19,8,27
749,"Haggerston Road, Haggerston",51.539328,-0.074284,300081,TRUE,FALSE,1.39E+12,,FALSE,13,23,37
730,"Bridge Avenue, Hammersmith",51.492084,-0.229116,300082,TRUE,FALSE,1.39E+12,,FALSE,17,0,18
732,"Duke Street Hill, London Bridge",51.506304,-0.087262,300083,TRUE,FALSE,1.39E+12,,FALSE,17,4,21
740,"Sirdar Road, Avondale",51.510928,-0.214594,300084,TRUE,FALSE,1.39E+12,,FALSE,4,22,26
741,"Freston Road, Avondale",51.512981,-0.219486,300085,TRUE,FALSE,1.39E+12,,FALSE,8,14,23
737,"Fulham Broadway, Walham Green",51.479932,-0.194116,300086,TRUE,FALSE,1.39E+12,,FALSE,15,8,26
738,"Imperial Road, Sands End",51.475142,-0.187278,300087,TRUE,FALSE,1.39E+12,,FALSE,17,20,37
736,"Queensdale Road, Shepherd's Bush",51.50659,-0.216104,300088,TRUE,FALSE,1.39E+12,,FALSE,6,22,28
747,"Ormonde Gate, Chelsea",51.487964,-0.161765,300089,TRUE,FALSE,1.39E+12,,FALSE,17,7,24
742,"Blenheim Crescent, Ladbroke Grove",51.515108,-0.208565,300090,TRUE,FALSE,1.39E+12,,FALSE,15,7,22
739,"Hortensia Road, West Brompton",51.481765,-0.185273,300091,TRUE,FALSE,1.39E+12,,FALSE,18,8,28
748,"Hertford Road, De Beauvoir Town",51.537277,-0.079201,300092,TRUE,FALSE,1.39E+12,,FALSE,8,16,25
733,"Park Lane, Mayfair",51.505426,-0.150817,300093,TRUE,FALSE,1.39E+12,,FALSE,3,14,18
734,"Plough Terrace, Clapham Junction",51.462305,-0.175407,300094,TRUE,FALSE,1.39E+12,,FALSE,11,20,31
731,"Michael Road, Walham Green",51.477276,-0.18921,300095,TRUE,FALSE,1.39E+12,,FALSE,35,2,37
773,"Tallis Street, Temple",51.511891,-0.107349,300096,TRUE,FALSE,1.40E+12,,FALSE,15,9,24
770,"Gwendwr Road, West Kensington",51.491026,-0.209121,300097,TRUE,FALSE,1.39E+12,,FALSE,2,28,30
774,"Hurlingham Park, Parsons Green",51.470131,-0.20464,300098,TRUE,FALSE,1.40E+12,,FALSE,13,7,20
776,"Abyssinia Close, Clapham Junction",51.460333,-0.167029,300099,TRUE,FALSE,1.40E+12,,FALSE,7,13,20
777,"Limburg Road, Clapham Junction",51.461923,-0.165297,300100,TRUE,FALSE,1.41E+12,,FALSE,16,5,21
775,"Little Brook Green, Brook Green",51.496664,-0.223868,300101,TRUE,FALSE,1.40E+12,,FALSE,17,15,33
784,"East Village, Queen Elizabeth Olympic Park",51.546326,-0.009935,300200,TRUE,FALSE,1.45E+12,,FALSE,10,24,34
796,"Coram Street, Bloomsbury",51.524,-0.126409,300201,TRUE,FALSE,1.46E+12,,FALSE,10,19,29
799,"Kings Gate House, Westminster",51.497698,-0.137598,300202,TRUE,FALSE,1.46E+12,,FALSE,10,13,24
795,"Euston Square Gardens, Euston",51.527068,-0.131861,300203,TRUE,FALSE,1.46E+12,,FALSE,1,29,30
794,"Victoria Rise, Clapham Common",51.461376,-0.147804,300204,TRUE,FALSE,1.46E+12,,FALSE,17,6,23
793,"Cromer Street, Bloomsbury",51.528279,-0.119558,300205,TRUE,FALSE,1.46E+12,,FALSE,6,22,28
833,"Saltoun Road, Brixton",51.460232,-0.115375,300206,TRUE,FALSE,1.52E+12,,FALSE,38,4,42
808,"Gauden Road, Clapham",51.464995,-0.130908,300207,TRUE,FALSE,1.46E+12,,FALSE,14,14,28
801,"Lavington Street, Bankside",51.505224,-0.098031,300208,TRUE,FALSE,1.46E+12,,FALSE,19,10,29
802,"Albert Square, Stockwell",51.47659,-0.118256,300209,TRUE,FALSE,1.46E+12,,FALSE,16,14,32
782,"Halford Road, West Kensington",51.483911,-0.197609,300210,TRUE,FALSE,1.45E+12,,FALSE,18,4,24
797,"Ossulston Street, Somers Town",51.5293,-0.128279,300211,TRUE,FALSE,1.46E+12,,FALSE,28,2,30
798,"Birkenhead Street, King's Cross",51.530199,-0.122299,300212,TRUE,FALSE,1.46E+12,,FALSE,11,16,27
783,"Monier Road, Hackney Wick",51.540311,-0.02163,300213,TRUE,FALSE,1.45E+12,,FALSE,12,15,27
792,"Blackfriars Road, Southwark",51.505461,-0.10454,300214,TRUE,FALSE,1.45E+12,,FALSE,12,29,42
831,"St John's Crescent, Brixton",51.466232,-0.113179,300215,TRUE,FALSE,1.52E+12,,FALSE,22,3,25
834,"Gas Holders, Battersea Park",51.477966,-0.147857,300216,TRUE,FALSE,1.53E+12,,FALSE,24,1,26
812,"Here East North, Queen Elizabeth Olympic Park",51.548731,-0.022606,300217,TRUE,FALSE,1.47E+12,,FALSE,3,24,28
816,"Here East South, Queen Elizabeth Olympic Park",51.546532,-0.020597,300219,TRUE,FALSE,1.49E+12,,FALSE,15,12,28
835,"Farringdon Street, Holborn",51.516785,-0.104947,300220,TRUE,FALSE,,,FALSE,11,14,25
821,"Battersea Power Station, Battersea Park",51.483507,-0.147714,300221,TRUE,FALSE,1.49E+12,,FALSE,21,6,27
838,"Fore Street Avenue, Guildhall",51.518093,-0.091401,300222,TRUE,FALSE,1.54E+12,,FALSE,4,21,25
813,"New Spring Gardens Walk, Vauxhall",51.487807,-0.122759,300224,TRUE,FALSE,1.47E+12,,FALSE,28,9,37
828,"Normandy Road, Stockwell",51.473874,-0.11258,300225,TRUE,FALSE,1.52E+12,,FALSE,24,8,32
787,"Timber Lodge, Queen Elizabeth Olympic Park",51.546805,-0.014691,300227,TRUE,FALSE,1.45E+12,,FALSE,18,14,35
811,"Westferry Circus, Canary Wharf",51.505703,-0.027772,300228,TRUE,FALSE,1.47E+12,,FALSE,14,20,35
830,"Sidney Road, Stockwell",51.469202,-0.119022,300229,TRUE,FALSE,1.52E+12,,FALSE,13,13,27
829,"Wynne Road, Stockwell",51.469217,-0.112686,300230,TRUE,FALSE,1.52E+12,,FALSE,22,3,25
815,"Lambeth Palace Road, Waterloo",51.500089,-0.116628,300231,TRUE,FALSE,1.46E+12,,FALSE,33,0,35
817,"Riverlight South, Nine Elms",51.481335,-0.138212,300232,TRUE,FALSE,1.46E+12,,FALSE,18,6,26
785,"Aquatic Centre, Queen Elizabeth Olympic Park",51.54094,-0.01051,300233,TRUE,FALSE,1.45E+12,,FALSE,57,1,64
790,"Stratford Station, Stratford",51.541793,-0.00481,300234,TRUE,FALSE,1.45E+12,,FALSE,26,1,28
836,"York Way, Kings Cross",51.541596,-0.125441,300235,TRUE,FALSE,,,FALSE,6,17,24
807,"Bevington Road West, North Kensington",51.5212,-0.208888,300236,TRUE,FALSE,1.47E+12,,FALSE,11,13,24
810,"Tate Modern, Bankside",51.506725,-0.098807,300237,TRUE,FALSE,1.46E+12,,FALSE,10,19,30
803,"Southwark Street, Bankside",51.505409,-0.098341,300238,TRUE,FALSE,1.46E+12,,FALSE,19,4,23
820,"Victory Place, Walworth",51.492807,-0.091938,300239,TRUE,FALSE,1.48E+12,,FALSE,20,4,24
809,"Lincoln's Inn Fields, Holborn",51.516277,-0.118272,300240,TRUE,FALSE,1.47E+12,,FALSE,6,22,28
806,"Handyside Street, King's Cross",51.53724,-0.124807,300241,TRUE,FALSE,1.47E+12,,FALSE,8,19,27
826,"Allington Street, Victoria",51.496863,-0.142943,300242,TRUE,FALSE,1.50E+12,,FALSE,18,9,28
804,"Good's Way, King's Cross",51.534667,-0.125078,300243,TRUE,FALSE,1.46E+12,,FALSE,21,6,27
805,"The Metropolitan, Portobello",51.520509,-0.200804,300244,TRUE,FALSE,1.47E+12,,FALSE,6,12,18
814,"Clapham Road, Lingham Street, Stockwell",51.471433,-0.12367,300245,TRUE,FALSE,1.46E+12,,FALSE,23,7,30
819,"Belvedere Road 2, South Bank",51.50621,-0.114842,300246,TRUE,FALSE,1.48E+12,,FALSE,37,0,38
827,"Cranmer Road, Stockwell",51.479601,-0.111471,300247,TRUE,FALSE,1.52E+12,,FALSE,12,11,24
800,"Sopwith Way, Battersea Park",51.481121,-0.149035,300248,TRUE,FALSE,1.46E+12,,FALSE,20,7,30
818,"Westminster Pier, Westminster",51.501513,-0.123823,300249,TRUE,FALSE,1.56E+12,,FALSE,24,0,27
842,"Temple Gardens, Temple",51.510981,-0.108322,300250,TRUE,FALSE,1.60E+12,,FALSE,10,13,24
844,"Canada Water Station, Rotherhithe",51.498439,-0.04915,300252,TRUE,FALSE,1.61E+12,,FALSE,27,7,35
845,"Bermondsey Station, Bermondsey",51.497995,-0.063471,300253,TRUE,FALSE,1.61E+12,,FALSE,21,9,30
